INVO,genus_species,spec_as_int,B11,Na23,Mg26,Al27,P31,S34,K39,Ca44,Fe54,Mn55,Co59,Ni60,Cu63,Zn66,As75,Rb85,Sr88,Mo98,Cd111
318684,Vitis_acerifolia,1,-0.2593025,2.4087954,0.11453778,0.088835694,-1.376423,-0.70168716,0.37616414,0.3564443,-0.7373404,0.8373359,0.6627711,-0.17671506,-0.77371305,0.22903328,-0.605875,2.8073277,1.084379,-0.5350469,-0.08819516
588141,Vitis_acerifolia,1,-0.080395386,1.470873,1.4107511,0.122238874,-0.7551391,-0.36693233,-1.2168274,-0.22496654,0.2533308,0.5446896,0.21900955,-0.26673254,-0.25663888,0.09045908,0.17613077,-0.37114653,1.0365015,-0.22533841,-0.021783436
588646,Vitis_acerifolia,1,-0.65001416,-0.3656028,1.0312858,0.49408767,1.2721945,0.044347905,0.23737282,0.5072564,0.41942382,-0.35757187,-0.6801631,-0.35323986,-0.05565303,-0.33395043,-0.14490934,0.044730417,0.19864103,0.15351339,-0.10818951
588378,Vitis_acerifolia,1,-0.6268409,0.41347894,0.49350584,0.5023717,-0.13899894,-1.0699108,-1.0882574,-0.6249494,-0.2801383,-0.056958497,-0.8626438,-0.39286888,-0.8372354,-0.29415843,0.14649351,-0.2736372,-0.894018,-0.43150875,-0.12616654
588459,Vitis_acerifolia,1,0.8635057,1.0785451,-0.5773013,1.6425548,-0.9322108,0.2685784,-1.1107839,-0.5873658,1.6448568,-0.1808573,0.4070253,-0.23457831,-0.63846123,-0.4068997,0.9862133,1.1278168,-0.64007837,-0.039323583,-0.11331941
1583,Vitis_acerifolia,1,1.0918063,-0.9697138,1.2157289,-0.08271119,0.2476476,0.16207685,-0.8230968,0.23308142,-0.42440328,-0.75478846,-0.77962005,-0.26111308,-0.2088367,-0.43302915,0.8751465,-0.4472786,-0.002818086,-0.6899232,-0.14735027
588448,Vitis_acerifolia,1,-0.86725664,0.33020797,-1.068375,0.99725825,1.0833461,0.00101991,-0.083792545,-0.023113623,-0.7569313,1.0579934,0.20410107,-0.26349986,-0.6598501,-0.13855015,-0.17163606,1.1385183,-0.43156987,-0.2385219,0.05654603
588144,Vitis_acerifolia,1,-0.4679676,1.1184006,-0.9959733,1.0306007,-0.36346215,-1.0968553,-1.1065402,-1.0600526,-0.9988865,-0.79783666,-0.7907695,-0.3070337,-0.73174,-0.3405605,-0.85113335,0.14229357,-1.2565404,-0.09183624,0.29340988
588324,Vitis_acerifolia,1,1.0376633,1.524151,0.37212327,0.37320817,-0.8001556,-0.7242842,-1.2255789,-0.038645707,-0.5179533,-0.14018908,-0.26892996,-0.24300598,-0.6610376,0.18372579,0.50596285,-0.6927382,1.6897999,-0.025091441,-0.25164184
588325,Vitis_acerifolia,1,-0.6337147,1.7872657,-0.48653787,-0.20350578,-1.0486096,-1.040861,-1.3293473,-0.78667116,-0.8709509,-0.33594444,-0.25681156,-0.37256247,-0.7729371,-0.33642656,-0.46836215,-0.33593282,-0.7098779,-0.24065468,-0.2261872
588393,Vitis_acerifolia,1,-0.037884787,3.091108,0.12202155,0.06805816,0.59163874,-0.3526563,-1.5235538,0.57628435,-0.2320665,0.5514074,0.57938606,-0.31299064,-0.830431,-0.2298301,1.1911855,-0.44745865,1.4504142,-0.10742453,-0.25245395
588442,Vitis_acerifolia,1,-0.12969917,2.2458184,-1.4912885,0.24372675,-1.2607628,-0.5303362,-0.32058388,-1.6639287,0.03807193,0.5110239,0.57878673,-0.29593548,-0.7891989,2.368267,0.046892304,0.24398957,-1.3512189,-0.3044675,-0.1730717
588677,Vitis_aestivalis,2,-0.67100996,-1.034622,-0.4197234,-0.94725084,-0.41728345,-0.023264797,-0.31337714,-0.5874517,-0.95137805,-1.0352798,-0.44368714,-0.057599127,0.67142445,-0.93856734,1.0457149,-0.005734779,-0.44189367,-0.79838914,-0.08746344
237621,Vitis_aestivalis,2,-0.08949082,-1.2766377,-0.35571975,-0.5161516,-0.86688304,-0.8432035,-0.81542647,0.7678795,0.26412308,-1.163759,-1.1743022,-0.3844609,-0.03503737,-1.1646925,-1.199861,-0.72791195,0.66011953,0.05383519,-0.1282922
483143,Vitis_aestivalis,2,-0.83134437,-1.2147166,-0.2231874,-0.64649624,-0.8120042,-0.51314855,-0.68079215,-0.8847935,-0.39182752,-1.7960399,-1.6198492,-0.24907984,-0.34400973,-1.0538026,0.72712916,-0.8307254,-0.76089054,-0.7886316,0.088528655
588626,Vitis_aestivalis,2,-1.1121612,-0.4724143,-1.4451889,-0.5706231,-0.58200854,-1.4260464,-0.5417459,-0.41375047,-0.55985147,-0.6102672,-1.0395492,-0.30455726,-0.36112717,0.5438245,-0.15440886,-0.70221144,-0.19178246,-0.54434294,-0.123125695
483138,Vitis_aestivalis,2,0.39809346,-0.88474053,0.28558293,0.68851274,-0.97216386,-0.36765134,-1.1994996,-0.21425033,-0.7455733,-0.1118645,0.3002197,-0.09395274,-0.5181432,0.23003353,0.17450677,-0.7336922,-0.21570711,-0.8449462,0.5046781
483130,Vitis_aestivalis,2,1.0937996,-0.30426294,-0.38106388,2.0705729,-1.0158795,-0.4811514,0.4675036,-0.36610234,-0.1874245,-0.9894501,-0.5143451,-0.27835074,-0.49626678,-0.35245588,-0.13505176,-0.34993017,-0.33341187,-0.8214842,0.014845451
588198,Vitis_cinerea,3,-0.6387578,-0.3938461,1.5169479,1.2970152,-0.0241239,0.18457325,-0.3109194,-0.296252,1.8779854,0.13497347,1.1590061,0.641033,0.67725223,0.82715064,0.7239438,0.271515,0.45506558,0.9709677,-0.12790751
588205,Vitis_cinerea,3,-1.0559354,-0.71536106,-0.09211643,0.6756043,1.5904315,-0.6868898,-0.2063309,-0.39329976,0.31187534,-1.0563754,-0.6269138,-0.2800322,0.079924695,0.45281312,-0.031572755,0.18934943,-0.32302713,0.035259213,-0.17286263
588199,Vitis_cinerea,3,-0.47747752,0.1906511,0.6438313,1.1347147,0.39790618,1.4550004,1.2139411,-0.88789463,0.5519977,1.2700886,3.2385082,1.3261205,1.17768,1.6099099,1.6429768,5.9886827,-0.8799643,-0.18484278,-0.17058319
588200,Vitis_cinerea,3,-0.23017609,-0.00168375,-0.25816384,-0.022867257,0.19605687,-0.07232473,0.25135493,-0.8683923,2.6855223,-0.70804644,0.17954074,0.5604301,2.436546,-0.09731473,0.5355817,0.79631764,-0.46266943,1.5508883,0.12248094
588221,Vitis_cinerea,3,-0.61605835,0.031898364,-0.5210064,0.8081636,0.9480059,5.5377946,-0.9770183,1.8303072,1.2470878,1.2918925,1.3339741,0.28956214,2.6176348,1.2003071,-0.078554586,-0.6869687,1.138126,3.5317907,0.35089892
588197,Vitis_cinerea,3,-0.16770148,-0.1406193,0.73770547,0.66174686,1.4297683,1.9293586,-0.311798,0.29088965,3.5642917,1.019018,1.7886962,1.2622681,0.2741746,0.6600791,-0.3148202,-0.5093384,-0.39295894,4.2201967,0.63336337
588217,Vitis_cinerea,3,0.45025712,-0.21183951,1.8536961,-0.5420625,0.1718658,-0.49698183,-1.0516716,2.2262905,-0.47276756,-0.2577745,-0.45099995,-0.29152945,0.13596852,-0.9788395,-0.99724305,-0.46096197,1.7454082,0.98547935,-0.22668362
588356,Vitis_cinerea,3,-0.8993064,-0.65831995,-0.6959428,-0.82572615,-0.11699918,1.0425531,0.19287802,-0.45757803,0.40471742,0.34962896,1.1247728,0.5812089,1.0456898,0.20441441,-0.41244513,-0.1776989,-0.49022886,-0.11856764,-0.19701533
588218,Vitis_cinerea,3,-0.04360345,0.18085131,-0.97021526,0.37409264,-0.33994794,-0.256716,0.632048,-0.028552093,0.59030974,-0.15515219,0.43329543,0.9254203,1.0676327,2.1790733,0.5659238,0.3985728,-0.18747437,2.1539247,0.04459742
588134,Vitis_cinerea,3,-0.76449984,-1.099955,0.014462026,-0.41407493,0.19085781,1.511961,0.8888552,1.743219,-0.001578212,0.37838936,0.24754575,0.7512524,3.0424447,0.87510556,-0.5869953,-0.65047604,1.3446919,2.0428002,0.13018595
588208,Vitis_cinerea,3,-0.843013,-0.76754105,-0.65738183,0.352458,1.3354745,1.1096759,4.320503,-1.1512275,1.3184711,1.0501904,2.392412,1.8849028,6.919384,1.842263,-0.16747089,3.6006365,-1.1214914,2.1137078,-0.12667245
588219,Vitis_cinerea,3,-0.30344576,-0.4286081,0.08620694,-0.51268625,2.1922638,0.4547943,1.7543303,-0.70950556,2.106646,-0.060638852,0.3568351,1.1357605,1.3339924,-0.023860537,-0.11801256,0.24149247,-0.7030785,4.499164,-0.10664905
588398,Vitis_cinerea,3,-0.8338213,-0.57543534,0.31890774,-0.9005196,0.092948474,0.5597189,-0.6061883,-0.38135463,1.3096507,-0.6528861,-0.8904869,0.26701075,2.29854,1.6123312,-0.9118857,-0.5538342,-0.3983934,0.3325638,-0.17625825
588186,Vitis_cinerea,3,-0.7404682,-0.15421842,-0.6805788,0.08332492,1.040121,3.6173475,-0.76278293,1.7955014,0.4251116,0.10227297,0.16127439,0.22761028,2.8610923,-0.2925468,-0.2679805,-0.7161062,1.9985768,4.839594,0.010024266
588154,Vitis_cinerea,3,-0.096235074,-0.42699224,0.5763096,0.6797275,0.7401514,1.2822473,0.8313147,0.8796392,1.3884058,1.8979161,1.7171818,0.4134693,1.4643877,1.0458926,0.2067845,0.112405315,0.75949705,1.4230607,-0.13789807
171,Vitis_cinerea,3,-0.67273414,-1.3403062,-1.0966426,-1.391704,-0.56037456,-0.35064182,-0.6025317,0.5752933,0.80463874,-1.2770092,-1.7138146,-0.4378358,0.17214231,-1.4940329,-1.4067571,-0.88792646,0.5367721,-0.71985453,-0.095120005
588678,Vitis_cinerea,3,-0.58591366,-0.14009191,-0.38284525,1.4773042,1.9100376,2.060299,0.20629093,-0.08952917,0.60507977,0.7740843,1.6401846,1.1257334,3.4754095,1.1156323,0.6035532,-0.022859039,-0.10198672,3.5430892,0.14313605
597232,Vitis_cinerea,3,0.09478182,-0.2657043,-0.4780292,1.2954291,-0.9127433,1.0440716,-0.3358948,-0.74645144,2.1975696,2.102526,2.9754713,1.2140375,1.7847117,1.0037727,1.076634,0.007208559,-0.991932,1.2599273,-0.042387307
588575,Vitis_cinerea,3,-1.6982925,-0.24336195,0.8651252,-0.23150966,1.7025491,0.32183498,-0.16489546,-0.102277644,0.6870283,-0.327897,0.66804564,0.3501774,0.53793806,1.1325753,-0.81747246,-0.41493028,0.029331993,4.8010583,-0.27775654
588685,Vitis_cinerea,3,-1.073966,-0.35355398,-0.058876134,-0.2236326,-0.5714124,1.0753709,0.6735458,-0.04390211,0.43054655,0.1500221,0.7428934,0.5589733,1.0076684,-0.1978163,-0.42013586,0.43747026,-0.082161605,2.0076663,0.3629774
588466,Vitis_cinerea,3,-0.86972266,-0.71939313,-0.8545272,-1.003137,0.34860983,-0.44920814,-0.8510073,-1.0937772,-0.5861318,-0.7545399,-0.22689025,-0.20791921,5.5848346,-0.8220145,-0.7677891,0.062426493,-0.8885021,0.72808105,0.53764534
588460,Vitis_cinerea,3,-1.520443,-0.056477133,-0.32982352,0.02791123,-0.1789151,0.54347855,-0.052949574,-0.67425966,-0.30291477,0.64692754,1.1127359,0.42165712,1.4101168,0.18010701,0.024072211,1.3096973,-0.65318805,0.42639223,-0.17086165
588328,Vitis_cinerea,3,-1.1094664,-0.48217088,0.6670386,-0.71197855,1.456595,0.35718045,0.4046496,-0.22349168,2.2410636,0.49676448,-0.106568016,1.7031125,1.0792937,1.1969755,-1.0279316,-0.3490736,-0.26380605,1.4329946,0.21988444
588372,Vitis_cinerea,3,1.2626832,0.006031568,-0.9629319,0.82640564,3.4227612,1.3206282,3.6776688,0.6174595,3.9871204,1.1642878,-0.12419274,0.41990757,2.5133731,-0.5453167,-0.27694193,-0.016712656,0.373618,3.0721273,-0.016862566
588329,Vitis_cinerea,3,-0.8022668,-0.24025826,-0.4454321,1.0862764,-0.6987169,0.07543449,-0.24557936,0.14297667,2.2413857,1.2305541,0.2752016,1.0852821,0.68590903,-0.16263865,0.1537406,-0.5610549,0.011923628,0.34338057,-0.1319499
588143,Vitis_cinerea,3,-1.0602752,-0.040718254,-0.9868902,0.8428666,1.7235256,1.3671999,1.5192242,0.33386663,0.7614294,-0.060584914,0.39410073,0.5549481,1.5076709,-0.7718498,-0.18472537,0.11105072,-0.2877228,2.652795,0.034107607
588352,Vitis_cinerea,3,-0.9559575,-0.6046106,-1.0697806,-0.06956137,2.0335314,-0.121693596,0.9730375,1.0177803,1.1857002,-0.66944873,0.29355368,1.221466,2.515196,-0.29115224,-0.32801446,-0.3277113,0.8749566,0.5092983,0.13078065
588222,Vitis_cinerea,3,-0.3622696,-0.27471027,1.0389005,-0.59848714,-0.001263184,0.50037485,0.36669618,1.1106843,1.2639074,1.3654221,1.5166343,0.741109,1.3398781,0.16762652,-0.31470087,-0.44783464,1.377645,0.616457,0.44568613
588220,Vitis_cinerea,3,-1.0750426,0.6273711,0.7032382,-0.28489614,1.6583936,0.6671164,-0.16639012,0.17215051,1.9402429,0.7621458,1.4033792,0.287939,0.52124816,0.3540455,-0.015521714,-0.17461322,1.5926803,1.5835127,-0.14392613
588165,Vitis_labrusca,4,-0.88108444,-0.8665358,2.346336,-1.2938542,-0.14638245,-0.49115372,-0.43292934,0.1516808,-0.9946954,-1.1053921,-0.9643557,-0.17865987,-0.3346538,0.39358333,-0.3857825,-0.47790015,0.1334595,-0.85050064,0.27865753
588182,Vitis_labrusca,4,1.2153732,-0.37036112,0.6556561,0.5357506,-0.80399597,1.2904124,-0.18861356,-1.2197254,0.23884474,1.2671405,1.6488549,0.19568248,0.22975288,1.8912995,1.5723698,-0.53810644,-1.0643625,-0.7717361,-0.08880376
588128,Vitis_labrusca,4,-0.7008165,0.46037182,1.965875,-0.7962743,0.12197088,3.680626,-0.67234695,0.9190893,-0.50771755,1.4350855,0.7462127,-0.12930393,0.124013305,1.2419595,0.35492584,-0.34498644,3.599961,2.4547212,0.23019919
588173,Vitis_labrusca,4,0.10365528,-0.65625525,1.6015698,-0.2813904,-0.8089049,-0.27004275,-0.39403307,-0.31976232,-0.4009686,-0.4944427,0.1918961,-0.078506276,0.02295925,0.42424178,1.1756339,-0.221117,-0.37198347,-0.8169434,0.21644676
483148,Vitis_labrusca,4,-0.2919549,-0.59915566,1.5528674,-0.20978864,-1.1066931,-0.54356736,-0.59097505,-0.0445643,0.3692514,-0.54840314,-0.78657794,-0.07675656,-0.040768746,0.21243757,0.22501533,-0.98348784,-0.17790958,-0.82662827,0.29251367
483160,Vitis_labrusca,4,-0.4701403,-0.0509014,2.0755053,5.4122233,-0.18755718,0.9064678,-0.39933425,0.643012,1.4371214,0.027997874,1.300135,0.12742576,0.58683753,0.7546954,3.224211,-0.36496162,0.7340154,-0.77504796,0.032055613
483161,Vitis_labrusca,4,-0.38884816,0.4731995,1.0888821,-0.055947494,-0.21386732,2.083336,0.07073919,0.99393594,-0.018964129,1.7729223,1.1540209,0.040410295,0.4248224,0.61554945,0.73523676,0.49736443,1.0502611,-0.83096004,-0.13220325
483164,Vitis_labrusca,4,0.44534564,-0.16611259,1.3700284,-0.3942487,0.011052672,0.13917477,-0.07182836,-0.43682542,0.22040896,-0.10318384,2.0846033,0.142935,1.0127287,0.35987422,4.2867193,-0.14895655,-0.41411117,-0.8143414,0.18776497
588583,Vitis_labrusca,4,0.14167003,-0.99315274,0.7794443,-0.76900554,-0.54101187,-0.8265681,-0.045667727,-0.6565918,-0.7434907,-0.79923654,-0.8428615,-0.12709114,-0.39820498,-0.90773636,1.216272,-0.5424953,-0.20143542,-0.8116104,0.16223963
588585,Vitis_labrusca,4,0.46331093,-0.69941694,1.0278412,-0.1314395,-0.6758439,0.06494156,0.19761528,0.14178729,0.4363746,0.04936087,0.24908443,0.101758786,0.36566964,-0.21943423,1.7223126,-0.36776486,0.2368505,-0.815487,0.08685973
594349,Vitis_labrusca,4,-0.91621304,0.43998423,-0.5032936,0.3219158,0.89923054,0.6197529,-0.7963378,-0.4144854,-0.8804752,-0.13948333,0.60088325,-0.18004492,0.6061624,0.12772182,-0.17137824,0.33123463,-0.16029233,-0.51628244,-0.05277285
588584,Vitis_labrusca,4,0.76213574,0.08260755,0.48943084,1.6513976,0.5196423,0.27091697,-0.44259438,0.4574664,0.87216765,0.9307394,0.8906303,0.19451824,-0.21691284,0.5238765,3.1592402,-0.81453586,0.2191387,-0.75237,-0.09780533
588648,Vitis_labrusca,4,-0.76368225,0.33307883,0.9040773,1.2565928,-0.8290089,-0.24708597,0.02309589,-0.4725785,-0.38002962,1.0021237,0.8688876,-0.07424343,-0.26487708,-0.24347124,1.0005311,-0.74958736,-0.64024836,-0.7942014,-0.031229913
1587,Vitis_labrusca,4,-0.91702306,0.38421002,-0.5549374,0.0655036,1.9567022,0.92121387,-0.008865563,-1.2020642,-0.92107546,1.3321806,0.3838806,-0.23773466,0.060895316,-0.26688406,0.025443615,0.094759084,-0.7686775,-0.7208494,-0.1383497
483162,Vitis_labrusca,4,-1.1571273,1.2229699,0.5010186,2.5186598,-1.1859826,0.40642706,-1.0896097,-0.006526552,-0.1871903,2.7357461,1.8136461,0.06273751,-0.5412521,1.3649547,1.3163422,-0.7702794,-0.043854386,-0.8055907,0.13205054
588658,Vitis_labrusca,4,-0.6623337,1.0757121,1.259053,-0.278996,-0.03818088,-0.40886363,0.5715548,-0.4221013,0.08337487,0.111048594,-0.050538495,-0.24680744,-0.2915499,0.70846856,-0.30557805,-0.5839973,-0.5734835,-0.8092211,0.33914295
588647,Vitis_labrusca,4,-0.25973144,0.18139666,0.43916476,2.6092534,-0.8275557,0.686427,-0.13578449,0.109750815,0.55549973,1.7441857,1.5381349,0.22998929,1.2423621,2.0058947,4.1540556,-0.5218003,0.07195616,-0.7828934,0.17745069
483159,Vitis_labrusca,4,-0.6479493,-0.8426025,2.4411805,-0.9181584,-0.5589171,-0.48365915,0.47334266,-0.5343833,-0.7991627,-1.5000958,-1.1222126,0.23993601,0.58627385,0.042239755,0.15189993,-0.5013434,-0.3583937,-0.8447616,-0.123745516
483151,Vitis_labrusca,4,-0.9669731,-0.4332302,0.015382356,3.194291,-0.62704486,-0.81152123,0.054158486,-0.47838542,0.84936386,-0.1073752,0.19142574,-0.08620378,-0.18032007,0.39960945,2.543734,-0.19545291,-0.4848292,-0.8000748,0.3253769
588675,Vitis_labrusca,4,-0.46652406,1.5107142,-0.21438889,1.5519755,1.2717705,0.50149965,-0.062330123,-0.6211054,-0.34554267,2.1939793,1.0315626,-0.1656638,0.49134526,0.327386,1.2739209,-0.3610675,-0.027256748,0.17735498,-0.17145835
597172,Vitis_labrusca,4,-0.38661847,0.5767165,1.2559621,0.49122098,0.33884367,0.46864477,-0.54090905,-0.24390687,-0.8872467,1.5559658,0.9932663,-0.18165375,0.42671898,1.8196627,-0.31487608,-0.547963,-0.7456436,-0.7246491,0.093038894
597203,Vitis_labrusca,4,-0.7469195,0.8037844,2.5989683,1.2098001,-0.2471725,-0.027767915,-0.6883625,0.06911488,-0.3211509,-0.0906985,-0.19418818,-0.28501213,-0.17048801,1.9923311,0.19915846,-0.47933832,-0.18373364,-0.7446659,0.27434635
597228,Vitis_labrusca,4,-0.690482,-0.036547497,0.9437141,-0.7709169,1.3777578,0.9700477,-0.1279113,0.23070373,-1.2228804,0.75793743,-0.08157363,-0.28084943,-0.028598472,-0.23124838,-0.6399981,-0.88166034,0.79297775,0.47183734,-0.110081114
588307,Vitis_labrusca,4,-1.0581758,0.3925789,0.5879643,0.17807215,-1.0957171,0.5348691,-0.36500427,-0.65924275,-0.6105923,-0.7821013,-0.66425127,-0.057050154,0.051060524,-0.09785989,-0.6593711,-0.27628508,-0.314016,-0.81388205,0.17434426
588138,Vitis_labrusca,4,-1.1649164,-0.5728711,0.39025664,0.3037401,-1.2136427,0.12705854,-0.8388905,-0.38950193,0.62428725,-0.018170187,1.2982695,0.8908786,0.2664066,-0.21389587,4.262942,-0.7499107,-0.32033786,-0.7988869,0.12883611
588169,Vitis_labrusca,4,-0.4412847,-0.5562401,1.5444539,-0.8540142,-0.3644158,-0.56404394,-0.6867918,0.33146462,-1.3636312,-0.5644886,-0.001689809,-0.34802994,-0.45936957,-0.46388587,0.21358223,-0.15164828,0.4414913,-0.3639858,-0.24354303
588277,Vitis_labrusca,4,-0.7850926,0.96448976,0.76631427,0.48217574,-0.65637755,1.9496647,-0.32515508,0.37656173,-0.28923926,2.5739963,1.2121477,-0.14681256,0.03079902,1.172951,0.2492606,-0.37943518,0.43171272,-0.7897028,0.24647665
483155,Vitis_labrusca,4,-0.57469696,-0.48818487,0.8891083,1.0161017,-0.5738552,-0.1785643,0.47186825,-0.047000136,-0.075118914,-0.40544188,0.09386776,-0.05670691,-0.19381034,0.11551047,1.4494108,-0.40329206,0.3309727,-0.8055095,-0.049528535
483150,Vitis_labrusca,4,-0.8423852,-0.6462615,1.1203945,0.6644326,0.005785502,0.37784177,-0.17198041,-0.04036911,-0.49870184,0.24640976,0.035912175,-0.080058776,0.61623067,-0.000275587,0.57401353,-0.59021074,0.69584703,-0.81619996,0.35912168
483147,Vitis_labrusca,4,-0.77437776,0.36352727,0.6008294,-0.05010772,-0.9352859,-0.09259396,0.55342126,0.5506581,-0.86257875,0.93908936,0.26663262,0.13267966,-0.4103549,0.69457537,0.97831076,-0.40570062,0.20070131,-0.8370087,0.01821073
483149,Vitis_labrusca,4,0.7827801,0.72156245,0.9183593,2.3469229,-0.34131846,0.90303093,0.3955032,0.26451415,0.15003286,1.8985505,0.93893707,0.04165673,0.002005601,0.67127,1.0554476,-0.33695146,-0.35000607,-0.83556765,-0.10970861
588194,Vitis_labrusca,4,-0.90786374,-0.28633988,1.0067276,-0.4001606,-0.14571545,-0.46002653,-0.31721362,-0.53836024,-0.4469292,0.61059815,0.14332952,0.0649426,-0.027674308,-0.03218082,0.97900563,-0.68929017,-0.26626113,-0.65706843,-0.04286456
483153,Vitis_labrusca,4,-0.24613945,-0.2742052,-0.03406745,0.027293961,-0.8863219,-1.3904891,-0.7491154,0.7051194,-0.52672136,-1.1172584,-0.5208768,-0.11998435,0.12068579,-0.91136026,0.40334222,-0.8723798,0.6870068,-0.8030356,-0.13771956
483154,Vitis_labrusca,4,-0.19127879,-1.0578963,1.3505571,0.33127752,-1.0286813,-0.73594946,0.21271968,1.3927658,-0.11856323,0.72694063,-0.34085548,-0.15870525,-0.58696926,-0.33207262,0.34943658,-0.66267306,1.6303138,-0.8182092,0.23332258
483146,Vitis_labrusca,4,-0.6396716,-0.84409386,3.359714,-0.12549077,-0.8951454,-0.96215516,-1.0259594,0.5833413,-0.6815941,-0.7942059,0.15167718,0.03153743,0.10394215,0.41844115,0.7913784,-0.87762207,0.21048531,-0.8383168,0.3489705
483157,Vitis_labrusca,4,-0.95129687,-0.09583604,1.1072168,-0.78951603,0.3708186,-0.32272327,0.29746807,-0.21209645,0.8805282,-0.18495862,-1.4208615,-0.2660119,-0.5740497,-0.7622859,-0.3748409,-0.85971177,-0.5203478,-0.86309075,0.07993234
483145,Vitis_labrusca,4,-0.98033446,-0.1968509,1.3596985,0.060707837,-0.20085242,-0.29629216,-0.13324027,-0.6855431,-0.333258,0.80396885,0.3060054,0.57059044,-0.19999616,-0.4081803,-0.05973838,-0.8896836,-0.91785216,-0.84127426,-0.03722015
483133,Vitis_labrusca,4,-1.0105333,0.73565155,3.522113,1.0275221,-0.13632797,0.30253634,-0.3740446,1.5028268,0.31262216,1.3014493,1.7135367,0.1879438,-0.002580776,3.7165873,1.2554103,-0.66130847,0.8754121,-0.77991533,0.39732882
483152,Vitis_labrusca,4,-0.07346024,-0.30840138,2.5774567,0.18766654,0.14464846,0.5025901,-0.5618735,0.8264093,0.003854809,1.2931587,0.7727595,0.06875243,-0.11324216,1.7551608,0.6399939,-0.63292676,0.49895433,-0.84264493,0.17887726
483163,Vitis_labrusca,4,-1.1503766,-0.22005497,0.77854115,-0.42986614,0.3805804,-0.02495451,0.25360146,-0.5503328,-0.8403873,0.3391572,0.053171467,-0.3268783,0.43434924,0.14431512,-0.13916075,-0.2791575,-0.74536484,-0.53339124,-0.05154881
588201,Vitis_palmata,5,-0.5033197,0.61613804,-1.1974128,-0.7638382,0.088132694,-0.6258242,0.13785513,-2.2485354,-0.9801897,-0.29386568,3.1994178,3.6200254,-0.07939643,-0.6487456,-1.3251367,1.8013107,-1.6186306,-0.7073445,0.10531076
588152,Vitis_palmata,5,-1.9946337,0.76794964,-0.80982405,0.6368941,3.0731537,-0.10561325,1.164654,-1.838518,-0.7729801,0.82685405,1.915333,3.3862088,0.33538195,-0.29279703,0.71397805,2.5145435,-1.4965656,-0.43526652,-0.04381285
588155,Vitis_palmata,5,-0.9464358,-0.26050404,0.33671713,-0.5289012,1.916024,0.35231012,-0.44849265,-0.48624566,-0.41211382,-0.5843464,0.061771754,0.46084046,0.096675806,-0.06703374,-0.75523263,0.19350037,-0.45993838,-0.32753074,0.022494419
588233,Vitis_palmata,5,-1.6813223,0.8361068,-0.66982603,-0.5746221,1.6407908,-0.5122005,-0.08661688,0.17896655,-0.47020432,1.0643513,1.3241278,0.7174738,-0.29354903,0.56184745,-0.31291282,-0.45108533,-0.06196803,-0.6330554,0.47538662
588467,Vitis_palmata,5,-1.9182651,0.058895484,-1.3269398,-0.089647315,0.5396857,-0.43237823,1.6004742,-2.687811,-1.356005,-0.9565864,0.092597015,1.1490648,-0.19445808,-1.0952077,0.23771195,1.0865899,-2.154334,-0.65403503,-0.26264626
588204,Vitis_riparia,6,1.4019845,-0.6742189,-0.36168924,-0.9127352,-1.1589789,-0.7574593,-0.6767658,1.0138036,-0.13116686,-0.5412461,-0.6573444,-0.3101393,-0.49937406,-1.1688825,-0.3058858,0.40253958,1.1849235,0.14307517,-0.20441346
588276,Vitis_riparia,6,0.9777276,1.3555669,-1.0369138,1.3660886,-0.27794465,-0.6670937,1.3096305,-0.4776468,1.0095389,0.047072187,0.15464818,-0.2727694,-0.46151626,-0.5404252,0.65349036,0.9354294,-0.51438373,-0.05835657,-0.26785544
588440,Vitis_riparia,6,1.9931989,1.460185,-1.2931107,-0.41516557,-0.540752,0.23343615,-0.75775564,0.15453294,-0.43303677,-0.00455403,-0.07057793,-0.25798965,-0.04363195,-0.6614629,-0.11993335,-0.45124698,-0.12507498,0.2731669,0.04580611
588214,Vitis_riparia,6,2.3033464,-0.030992879,0.12722068,-0.12572655,-0.83692867,0.9181129,-0.06071548,0.89835733,0.4351027,0.10152501,-0.21997055,-0.29353276,-0.65342355,-0.15297157,0.85713714,2.5513983,0.33662832,0.52684534,-0.2574338
588190,Vitis_riparia,6,-0.55435276,1.0789007,-0.572957,0.80673164,-0.43889177,1.0459902,2.1219325,0.66067785,1.5914302,0.7301463,1.0828972,-0.25871474,-0.44189736,0.46165085,-0.6631414,0.5866219,-0.063438885,-0.2030203,-0.2907772
588273,Vitis_riparia,6,1.1287942,0.50597495,-0.8432069,-0.44529116,0.89357954,-0.27716684,0.012486803,1.4138972,-0.13609661,-0.44282702,-0.67944145,-0.36626732,-0.592675,-0.76190335,-0.3567492,-0.46504542,0.85220665,0.0193037,-0.03746168
588274,Vitis_riparia,6,1.0034938,0.07990661,-0.634072,-1.1391037,-0.22549681,-0.37565464,-0.48094028,0.23606369,1.0692881,-0.4551328,-0.47142738,-0.20974338,-0.33639517,-0.61814886,-1.0538954,-0.07637989,0.06995669,-0.1974539,-0.15358336
588564,Vitis_riparia,6,-1.0280075,0.23367767,1.4148854,-0.3069899,2.2697265,1.5879885,-0.12487206,0.08017481,0.4098968,-0.7864145,-0.4108345,-0.29243416,-0.10683557,0.40368235,0.022125287,-0.39855945,0.025197182,0.09845237,-0.1651429
588345,Vitis_riparia,6,-0.03801362,-0.70130527,0.06681974,0.84321725,-0.35832515,2.4182405,4.862745,-0.8819099,0.8236939,0.34076104,0.1572231,-0.17627354,-0.44364226,-0.29901758,0.75540465,5.970005,-0.6462467,0.7218818,-0.1745694
483169,Vitis_riparia,6,-1.1398908,-1.1053016,1.2690829,-0.8007884,0.95004815,-0.80451983,0.9091694,1.3727129,0.43881118,-1.0358183,-1.0811346,-0.3433386,-0.47133604,-0.76512367,-0.20463267,0.685064,1.6488721,-0.26084843,-0.2943036
588271,Vitis_riparia,6,-0.7721773,-0.3802794,-1.0347277,-0.9532885,-0.6478981,-0.008733723,0.5011051,-0.4693826,-0.13020802,-0.7320596,-1.0153723,-0.3711589,-0.5499022,-0.42359585,-1.4508678,0.19013397,-0.7274902,-0.2958841,-0.3008407
483171,Vitis_riparia,6,-0.17391841,-0.48084533,-0.5402256,-0.031542253,1.1866026,-0.47447953,0.43539745,1.1108567,-0.28159392,-0.49314466,-0.9210587,-0.3180569,-0.64961404,-0.38862514,-0.07356007,-0.64491326,0.83628315,0.13557121,0.09542657
588435,Vitis_riparia,6,0.04913261,-0.218603,-0.5811682,-0.32633495,-0.43271697,0.7764111,0.028662497,-0.11626621,0.39503592,0.81891054,0.9234196,-0.16633517,-0.57538503,0.15031843,-0.24115026,0.67477876,-0.15050344,-0.23193015,-0.11359982
588562,Vitis_riparia,6,0.18110226,-0.42764902,-0.97708946,-1.1763676,0.10788623,-0.7077053,2.6075556,-0.3836719,-0.5566922,-1.3502392,-1.3656683,-0.42561048,-0.46045342,-1.0185834,-0.62034595,2.172122,-0.2925619,0.001299342,-0.13061222
255189,Vitis_riparia,6,1.0112513,0.15748806,0.2439124,0.29776272,0.5584256,0.6329154,-0.0633857,0.39904332,0.6667273,1.3874239,0.18692784,-0.21308346,-0.4819623,0.008672268,0.56997985,-0.31632322,0.001483394,0.1097359,-0.16189162
588456,Vitis_riparia,6,-0.47885355,-1.0367571,-1.3624446,-1.0855601,-0.78613716,-1.3081677,0.1297435,-1.6438148,-0.7950384,-1.5664765,-1.1849171,-0.2436849,-0.5106403,-1.8072702,-0.59079057,-0.3266609,-1.4937912,0.014815806,-0.19350335
588353,Vitis_riparia,6,1.0325108,1.1068745,0.49067333,-0.09383325,1.0895871,0.54648846,-0.62966716,1.2809758,0.2885585,1.1696739,0.9609626,-0.23520397,-0.14498697,1.1152933,0.262306,-0.5884068,0.53688407,0.14927487,-0.017194867
588439,Vitis_riparia,6,0.11354398,-0.48297325,-1.5862452,-1.1421881,-0.7852732,-0.30049506,0.32006985,-0.5785192,-0.64545625,-0.12734702,-0.53071886,-0.33203486,-0.6624154,-1.0486428,-0.5479794,0.38210213,-0.7573741,0.06934446,-0.22251719
483168,Vitis_riparia,6,-0.87106353,-0.7587325,-0.2734762,-1.2734025,-0.85347676,-1.4046396,0.66602737,0.290785,0.49448952,-0.7721612,-0.12314452,-0.27003193,-0.5178227,-1.1062757,-0.8577972,1.0734538,0.06813262,-0.3299878,-0.12703632
483177,Vitis_riparia,6,0.9752359,-0.1762638,-0.21641077,-0.77236503,1.3432114,1.2750641,-0.53477997,1.454819,0.052808966,-0.30916294,-0.23411742,-0.262202,1.1748075,-0.8475227,-0.22913657,1.1032616,1.3462278,0.69504297,-0.18336144
588711,Vitis_riparia,6,0.42603084,0.37263718,-0.44314307,0.5855391,-1.1865565,0.23497184,3.3806307,-0.8577995,-0.1244927,0.97228247,0.9180628,-0.2616889,-0.59912455,1.2497873,0.13516667,0.5583035,-1.2040497,-0.23014483,-0.11090395
588718,Vitis_riparia,6,1.2041769,0.11436898,0.12558904,1.5848538,-1.3403904,0.57683706,-0.8206007,1.2296888,1.7141361,0.8075644,0.71149665,-0.25025073,-0.49787515,0.8647053,-0.3308271,-0.5483239,0.38335726,0.20645508,-0.05770803
594344,Vitis_riparia,6,-0.45715082,-0.6745903,0.8731086,0.22220726,-0.6994157,-0.41805822,-0.36817756,1.5373577,2.0254178,-0.4512342,-0.62328994,-0.32367176,-0.37716275,-0.67353725,-1.1215137,0.69315237,1.0791664,-0.1026194,-0.012443128
588653,Vitis_riparia,6,-1.4426817,-0.4801269,-1.1347497,0.6003956,-0.910352,-0.45878753,-0.77817625,-0.1150844,0.88304263,-0.19808091,-0.75304496,-0.37188956,-0.52560204,-0.6134255,0.68755287,-0.89559186,-0.3563509,0.45959798,-0.2704743
588586,Vitis_riparia,6,0.01949688,-0.3463802,-0.8350932,-0.07443844,1.1544036,0.28911436,-0.5462813,0.75877243,-0.9052549,-0.86701906,-1.1614043,-0.25170293,-0.3168811,-1.3075491,-0.83354133,0.11419531,0.1471382,0.012487912,-0.2758766
495622,Vitis_riparia,6,0.7517899,-0.39527658,-0.08492746,-0.392834,-0.45599917,-0.10689324,-0.41840267,-0.3254565,0.7882099,0.19545491,0.17752902,-0.07951176,-0.5294686,0.06593476,0.26184466,1.1895596,-0.6410339,-0.1180353,0.009186079
588710,Vitis_riparia,6,0.0966206,-0.95831436,-0.018929906,0.2864116,1.1229963,0.46432146,-1.0223,0.30420572,1.7998285,0.226756,-0.235257,-0.28829873,-0.44202942,0.11312598,0.21990852,-0.16267,0.110811114,-0.36043054,-0.19017024
588275,Vitis_riparia,6,0.3791544,4.4908385,0.46849743,-0.25695693,-0.25621468,1.4836144,-0.5760329,1.1926944,-0.22979283,-0.40447187,-0.9015638,-0.401633,-0.6170889,0.5882544,-0.75305253,-0.3115778,1.3937596,0.2779001,-0.20308371
588510,Vitis_riparia,6,0.13612054,-0.73097324,0.43177882,-0.8248742,-0.55286515,-0.30235237,-0.8741982,0.86878043,1.2916687,-0.43217328,-0.6643997,-0.3096443,-0.6487708,0.34405276,-0.4301018,-0.99420863,0.40212545,-0.47454736,-0.23721029
483166,Vitis_riparia,6,-1.5579195,0.8936683,-0.88057566,3.2247682,-0.40287542,-0.1987164,-0.66212803,-0.0627073,-0.31683418,0.3797635,0.9327916,12.2522335,-0.47048002,3.619777,-0.2389379,-0.03807055,0.18171117,-0.36309177,0.17755789
588369,Vitis_riparia,6,1.6183063,1.2273849,-0.17356233,0.87472993,0.19362138,0.38718548,-0.95058733,2.0377738,-0.4540289,0.74531245,0.41489676,-0.20829253,-0.7803907,0.7569621,0.69580764,-0.61445457,1.3436487,-0.028992018,-0.29085323
588269,Vitis_riparia,6,0.31302086,0.43518195,-1.4867083,0.3343624,0.57101756,-0.68150914,-0.5754839,-0.35745293,0.118494116,-0.20078948,-0.37736478,-0.2417096,-0.7570832,-0.46292624,-0.38653064,-0.28358805,-0.23793814,-0.1730559,-0.21407652
313922,Vitis_riparia,6,-1.0532329,-1.0190896,-1.6275495,-1.3881841,-1.4571,-1.8003291,0.45444414,-1.5815554,-1.3592256,-1.8885043,-2.0193655,-0.45513114,-0.94158226,-1.7587148,-1.2460703,-0.2623742,-1.0791773,-0.1514944,-0.3592309
588258,Vitis_riparia,6,0.5069314,-0.48885635,-0.9094325,0.0767571,-0.042951893,-0.67416185,1.0030458,-0.18422331,-0.8511473,-0.14629303,-0.78156793,-0.3387218,-0.6778325,-0.24115415,-0.7982119,-0.31822997,-0.37875098,-0.3215465,-0.23659606
483176,Vitis_riparia,6,-0.78836346,-0.73315734,0.02219053,-0.40430388,0.69375324,-0.27698657,-0.14876206,-0.110042974,-0.91921914,-1.1099644,-1.2230184,-0.36101687,-0.41348296,-0.6340677,-0.87080944,-0.6304593,-0.043975316,-0.4181499,-0.20094806
483173,Vitis_riparia,6,-0.933643,0.34754938,0.53120965,0.3353494,-0.82427347,-0.60466665,0.15567836,-0.28494686,-0.00316152,0.29707462,0.5295571,-0.23067415,-0.6225973,0.81802565,-0.8710417,0.31382722,1.0753807,-0.34785396,-0.22234273
588167,Vitis_riparia,6,0.87911177,0.37757373,-0.2926882,3.2018504,-1.024219,-0.89890116,-0.45285556,-0.3372232,-0.4703526,-0.6809463,-0.6069244,-0.26493335,-0.7721906,-0.5546745,1.519431,-0.40652153,-0.7597693,-0.654515,-0.37983412
483170,Vitis_riparia,6,0.39921388,-0.84660137,-1.3061343,-1.0307473,-0.9323027,-0.6073305,0.26399475,0.31310543,-0.43525308,-1.1754197,-1.1976186,-0.37630838,-0.45403996,-0.7220059,-0.7697782,-0.8499432,-0.2577442,-0.09836665,-0.23448525
483175,Vitis_riparia,6,0.1311192,-0.12407765,1.690219,0.19725274,0.17545953,0.05104419,0.21532255,0.9533305,3.664154,0.26281753,0.5886723,-0.20483723,-0.15040697,0.2989326,3.1755786,-0.33619815,0.41332817,0.089794636,-0.018955203
588565,Vitis_riparia,6,0.9744033,-0.041483715,-0.32568052,-0.26595587,-0.42923525,-0.70508534,-0.40568763,-0.8797261,-0.018405039,-0.8376358,-1.2266055,-0.41252488,-0.7591869,-0.4828192,-0.88198423,-0.36622438,-0.7518339,-0.39251137,-0.28983504
483172,Vitis_riparia,6,0.4881691,-0.7862566,-1.1783975,0.6311179,-1.1639075,-0.7326149,-0.41965082,0.4846549,-0.5171611,-0.16761713,-0.4348869,-0.36879572,-0.7680668,-0.1638742,-0.7434532,0.04906904,-0.020497847,-0.18559456,-0.2712963
588054,Vitis_riparia,6,2.2182763,5.6096406,-1.5271413,1.3971045,-0.845204,-0.8498073,0.7217225,-1.7960732,-0.5086301,-0.05291624,-0.051706277,-0.25994664,-0.78949016,-0.74132985,-0.27868447,0.25243524,-1.667625,-0.4944501,-0.24797241
588455,Vitis_riparia,6,1.0241425,-0.19230989,-0.82557184,0.93120956,-1.0612898,-0.28890488,4.801505,-1.1824462,-0.8463298,0.007523249,-0.1357702,-0.05056062,-0.6137522,-0.5220861,-0.28776053,2.1198087,-1.4466271,-0.45768383,-0.048340715
588568,Vitis_riparia,6,-0.16178893,-0.69574577,-1.2607206,-0.9966225,-0.14367048,-0.97281927,-0.013789037,-1.3630614,-0.0963935,-1.3403361,-1.3734295,-0.44475624,-0.64615995,-0.5684912,-0.6718243,0.43655935,-1.2412858,-0.43500027,-0.3476939
588457,Vitis_riparia,6,0.34837627,3.778698,-0.8475812,0.49051,-0.63555205,0.5953295,3.0680068,0.72734886,-0.57218134,1.1651329,1.1866797,-0.28858784,-0.8188833,0.45399147,0.21317343,0.40919343,0.47678325,-0.29907408,-0.2109555
483167,Vitis_riparia,6,1.2556318,-0.64326376,-0.5778792,-0.6801164,-1.2374393,0.24384692,0.67099905,-0.4400315,-0.23407885,-0.046963416,-0.2252301,-0.31197467,-0.8485853,-0.45920074,-0.97526956,0.46996132,-0.23732476,-0.027480662,-0.24964681
483182,Vitis_riparia,6,3.4295382,-0.49415177,-0.36166796,-0.26097682,-1.1877865,-1.0654728,0.57357025,-0.37121627,-0.61183846,-0.42789164,0.15342425,-0.33129022,-0.8735403,-0.098720446,-0.41793004,0.93949145,0.23358932,-0.2921526,-0.1485527
483178,Vitis_riparia,6,-0.1753362,0.34303954,-1.3068643,-0.02363003,-1.3990234,-1.066336,2.4473524,-1.735874,-1.3732061,-0.2635609,0.15983385,-0.358417,-0.8812976,-1.0625596,-0.49242917,1.4473974,-1.4044515,-0.5094234,-0.3612636
483165,Vitis_riparia,6,0.44817838,-0.35305765,0.38911113,-0.009890525,-0.6534158,-0.79113954,-1.1968946,-0.12512729,-0.77317166,-0.9962755,-1.2318141,-0.40904117,-0.5978788,-0.4024124,-0.2678245,-0.968925,-0.40925783,-0.27516708,14.257834
588483,Vitis_riparia,6,0.94671565,-0.7368158,-1.3887532,0.35833028,-0.842916,-0.4247911,0.57137233,-0.68606925,-0.31817895,0.724686,0.09701125,-0.29728228,-0.7177039,-0.18887657,0.03802332,-0.07355286,-0.74274766,-0.20855589,-0.32423207
483181,Vitis_riparia,6,0.7564785,-0.68826324,0.42957535,-0.09477102,0.8233779,-0.03030729,-0.9202949,1.0779673,-0.8855442,0.38351694,1.0387329,-0.22262968,-0.26336646,-0.0412259,-0.3823678,-0.4500393,0.53001446,0.2450894,-0.001175073
588404,Vitis_riparia,6,1.1072875,1.343028,-0.7333369,0.27200687,0.5047347,-0.07837739,0.17402323,-0.011593359,-0.012707396,-0.17232007,-0.05777923,-0.32083842,-0.64265746,-0.20497674,-0.713385,0.15961438,0.066487424,-0.23069702,-0.19868997
588400,Vitis_riparia,6,0.55786556,1.9615376,-1.2700258,-0.4147161,2.000997,-0.093482375,-0.77693856,1.3296032,-0.6479198,-0.13689496,-0.52327114,-0.37234116,-0.4940018,-0.9783773,-0.47071585,-0.17096132,1.464708,0.3789274,-0.22629891
588261,Vitis_riparia,6,0.5355199,1.4105114,1.0963655,-0.78556406,-0.70331836,1.1315172,1.7910415,1.064373,0.37117827,3.9064589,0.9719474,-0.20925567,-0.67714953,1.65128,-0.32322136,0.068289965,0.46581247,0.036442593,-0.16216286
588260,Vitis_riparia,6,0.65245926,-0.1861309,-0.58852714,-0.22178198,1.2118744,0.98591536,-0.0989707,0.74837595,0.05073528,-0.22970572,-0.41704953,-0.34903044,-0.6194763,0.49883214,-0.2790979,-0.29629928,0.04835509,-0.18130638,-0.30320567
588436,Vitis_riparia,6,0.19537057,-0.09750826,1.0242404,-0.60557055,-0.33176288,2.2882178,0.15701172,0.5010484,-0.9015845,0.046290472,0.015459635,-0.34323952,-0.26192203,2.929075,-0.6102107,0.44038248,1.1059438,0.5562992,-0.020707423
588272,Vitis_riparia,6,0.1545874,-0.35051993,-0.31643364,0.005621886,1.5486622,-0.44860727,-1.0489955,0.07159007,1.934626,0.027701791,0.00539743,-0.30098236,-0.5938651,0.47480088,-0.33615217,-0.83445024,0.031199403,-0.16270107,-0.16776459
588346,Vitis_riparia,6,0.23519321,0.6017375,-1.4809903,-0.123743065,-0.20003462,1.043355,0.045898955,-1.4582139,0.15966941,-0.17131594,-0.34310982,-0.3392323,-0.50412345,-0.4003391,0.21069403,-0.6544426,-1.4169306,0.01602332,-0.3405016
279897,Vitis_riparia,6,1.680447,-0.45831034,-0.44802833,-1.267142,2.0984156,-0.5047262,1.1078745,0.61024994,-1.4201964,-0.74118876,-0.7327884,-0.4020808,-0.7693061,-1.3794794,-0.7411428,0.35054743,0.57205945,-0.26505184,-0.33040726
588270,Vitis_riparia,6,0.11944639,1.0232724,-0.6091036,0.49504292,0.029569289,-0.77397144,0.000413918,-1.3756828,0.09869397,0.22546871,0.04822109,-0.31822595,-0.6474582,0.06840782,0.42210364,-0.42434156,-1.462706,-0.012273127,-0.16243128
588262,Vitis_riparia,6,3.8176434,2.509372,-1.2021273,0.2651405,0.13336723,0.9406864,-0.59198046,-0.3065717,-0.04703635,4.6310444,2.7315876,-0.13538542,-0.586537,2.6016042,1.685176,0.004702716,-0.9750878,-0.21214454,-0.23785491
588344,Vitis_riparia,6,0.35001123,2.1575153,-0.21563032,-0.27662784,0.9084028,1.029061,-0.06540762,0.572334,2.6345708,0.9752733,1.944628,-0.17803338,-0.5494524,0.8203734,-0.24623616,-0.048926,0.06457785,-0.11022383,-0.18907328
588304,Vitis_riparia,6,1.3195412,0.20233722,-0.5517744,-1.0787934,0.5285228,0.26520735,1.0510025,1.9339616,-0.60689974,0.70348775,-0.089836255,-0.3439444,-0.62112725,-0.54662126,-1.0404785,0.1523581,3.1237645,0.068097785,-0.24380456
588437,Vitis_riparia,6,0.6113961,-0.93690735,-0.8706702,-1.2615489,-0.4206693,-0.33579153,1.636615,-0.37344176,-0.064705394,0.11305483,-0.47079474,-0.38461837,-0.7898163,-0.2753777,-0.532413,1.1445926,-0.30316833,0.030481491,-0.18724748
588349,Vitis_riparia,6,-0.16247801,2.0006769,-1.2549278,-0.62223876,-0.3344357,0.8744977,-0.47283813,3.4825904,-0.099767804,-0.2006529,-0.33252782,-0.2935719,-0.6640846,0.53370136,-0.8817903,-0.8068977,1.7144316,0.03840076,-0.12465882
588350,Vitis_riparia,6,2.613612,-0.50618243,-0.60597175,1.618256,0.37376842,0.3130994,-0.8645222,-0.011732336,0.51846975,0.3287242,-0.10508801,-0.3094365,-0.18842165,0.6332728,1.2747281,-0.5806619,-0.13249324,0.2191364,-0.20907271
588354,Vitis_riparia,6,0.17905833,-0.8182295,-1.2738674,-0.8695937,0.012912173,-0.53903854,0.9001429,1.6898483,-1.1625206,-0.79526377,-0.96775895,-0.38137898,-0.3367697,-1.0158514,0.019361572,0.7271709,1.8971657,-0.19030482,-0.28662622
588374,Vitis_riparia,6,0.41988736,-0.42860192,-0.73546004,-1.1543614,-0.5689755,-0.50080895,-0.35880417,0.6143483,1.9344851,-0.7391212,-0.885227,-0.38188112,-0.8501316,-0.8763291,-0.7749491,-0.80390185,0.6601494,-0.2521806,-0.27593312
588259,Vitis_riparia,6,1.0328825,-0.19610627,-1.1637194,-0.18363291,-0.5114475,0.41806266,0.27834877,1.5995042,0.47637945,0.058562625,0.079755925,-0.2676059,-0.09129855,-0.39187026,-0.928979,0.299636,0.5694594,0.16923663,-0.21166302
588373,Vitis_riparia,6,0.962163,0.51003486,0.27301404,-0.7274926,2.811315,0.51877135,-0.6766054,0.2537688,2.1722744,0.84516555,0.88306004,-0.26915917,-0.69490975,1.2308067,-0.6863274,-0.63514864,0.24354187,0.12429776,-0.1656657
588406,Vitis_riparia,6,0.62935334,-0.18273525,-0.584371,-0.319883,-0.12518315,-0.23506299,0.7177226,3.1910312,-0.4354164,0.006987303,-0.6949147,-0.34016562,-0.57968235,-0.46975914,-0.45348647,-0.41591555,1.6017189,-0.14207369,-0.24823064
588355,Vitis_rupestris,7,3.7717965,2.247129,0.14202651,-0.5809489,-0.47063452,0.3122665,-1.0445325,0.023257798,-0.7008336,0.7614022,1.2163428,-0.17846228,0.5969637,-0.53481984,,-0.71469945,-0.07391071,0.05948756,-0.0936588
588146,Vitis_rupestris,7,-0.58837676,-0.6886956,0.8806854,-0.6742234,-0.6114381,-0.6865003,-0.78487897,0.93523055,-0.9077186,-0.705089,-0.7362804,-0.34001496,-0.48028937,0.38606006,0.78907156,-0.041643776,0.39169568,-0.5274562,-0.12761025
271662,Vitis_rupestris,7,0.051217224,1.0972682,-1.0000212,-0.54470575,-0.974451,-0.4802682,-0.59538937,-1.612857,-1.0517403,0.012306799,-0.17231591,-0.31775373,-0.3016989,-0.04787532,0.28881526,-0.4642457,-1.5516276,0.09673661,-0.3071189
588188,Vitis_rupestris,7,0.4845295,-0.78019345,0.093442775,-1.3436028,-1.0399877,-1.4848447,0.028472813,-0.8335556,-0.9106882,-1.4974214,-1.8225394,-0.4323635,-0.5341624,-1.5174694,-0.7916615,0.60762256,2.2272494,-0.23899098,-0.26377794
588147,Vitis_rupestris,7,0.41744214,-1.1281986,-1.2754283,-0.11816745,-0.80060256,-2.5571625,0.6592893,-2.5307412,-0.8245608,-1.3950891,-1.0451118,-0.16515636,-0.088204384,-0.63785774,-0.50501126,5.095842,-2.2078187,-0.679346,0.004603392
588181,Vitis_rupestris,7,0.6520264,-0.5395385,1.500104,-0.76495796,0.5655541,-1.618438,-0.56264794,-0.49185923,0.20632756,-1.0680401,-1.3243058,-0.3474711,-0.68236613,-0.6731382,-0.9538588,0.22173528,-0.7021227,-0.1712578,0.11079738
588228,Vitis_rupestris,7,2.1936088,-0.4052022,-0.3960623,-0.31395096,0.38210428,-0.3243969,0.070266955,-0.454638,1.3803511,-0.6634091,-0.779919,-0.35699338,-0.0370407,0.29092145,-0.63019687,-0.75002825,-0.47353137,-0.14910536,0.43218705
588224,Vitis_rupestris,7,-0.40434462,-0.8665764,-0.3818516,-1.4089406,-1.0739998,-0.029960524,-0.56679845,-0.43235224,-1.1562482,-0.6334344,-0.7384264,-0.35976857,-0.05632558,-0.95924866,-0.9234315,-0.6610498,-0.31804982,-0.29817986,-0.19136272
588330,Vitis_rupestris,7,1.7017328,-1.3068788,-0.6320815,-1.3268886,0.026152965,-0.77805835,-0.3326282,-0.42417845,-0.51621604,-1.4709582,-1.4702737,-0.3737446,0.19104499,-1.5233754,-1.0387702,-0.46245262,-0.6311854,0.0992074,-0.12371612
588227,Vitis_rupestris,7,0.54309714,-0.6066675,-0.8524219,-0.9033659,-0.4496881,-0.74045277,-0.86141694,-0.17985296,-0.42625654,-0.5270717,-0.39970472,-0.18755981,-0.26545054,-0.9506298,-0.6664736,-0.6570211,-0.26549256,-0.39135388,-0.33350182
588683,Vitis_rupestris,7,0.82849514,-0.8948601,0.014413591,-0.7839651,0.2775965,-0.99533665,0.5267041,-0.6193707,-0.7175111,-0.36681828,-0.17658226,-0.31829235,-0.54845434,-0.69653934,-1.4170272,0.23240076,-0.49228787,-0.11434358,0.05078951
588684,Vitis_rupestris,7,-0.5620468,-0.547148,1.5577542,-0.1543076,1.3876077,0.641599,-0.7480171,2.4056103,-0.27219248,0.31933042,-0.007557342,-0.24174003,0.9752844,-0.63702977,-0.3286699,-0.47237188,2.046768,0.11402884,-0.028823115
588574,Vitis_rupestris,7,0.37575892,-0.6248904,0.3646007,-1.0429925,-0.8984161,-0.9532253,-1.030651,-0.08538025,-1.4152161,-0.8133718,-0.9828479,-0.29276016,-0.7472441,-1.1741935,-0.87960786,-0.120501,-0.45155436,-0.15257241,-0.20105487
588454,Vitis_rupestris,7,0.20353416,0.53619707,0.9624332,-0.43927547,-1.1229968,-0.2491552,0.47521392,-0.2826537,-0.6141146,0.18120325,-0.5175906,-0.19601911,-0.71482563,-0.5057262,-0.32492527,1.0688503,-0.31519443,0.38292187,-0.23599184
588384,Vitis_rupestris,7,1.406171,-0.41844273,-1.0215522,-1.1712738,-0.46115413,-0.96627337,0.26987672,-1.3107576,-1.1646248,-0.62834775,-0.7026914,-0.29541364,-0.42786768,-0.39669448,-0.90485555,1.1119238,-1.2635669,-0.53554136,-0.009509935
588540,Vitis_rupestris,7,0.3068649,-0.87939996,-0.81829214,-1.2899163,-0.8696944,-1.0705018,0.9466268,0.92273396,-0.6465922,-0.87407136,-0.91513926,-0.18738176,-0.42925644,-1.0647672,-0.87704676,-0.8772356,0.57390314,-0.71404153,0.2546477
588333,Vitis_rupestris,7,0.3551096,-0.85994774,0.95270073,-0.53097457,-0.7927671,-1.3192016,-0.6157373,-0.83920383,-1.0924113,-0.96482044,-1.6967831,-0.24618936,-0.5938228,-0.4250514,-1.5415918,-0.6796853,-1.0132979,-0.41096458,0.020814283
588160,Vitis_rupestris,7,-0.24343221,-1.2359519,-1.0131576,-0.5521988,-0.7039983,-1.2605426,-0.15551044,-1.4053314,-0.906047,-0.81150633,-1.1103508,-0.27641755,-0.7696598,-0.7548383,-0.7680318,-0.35536683,-1.3302641,-0.35117757,-0.15082513
588174,Vitis_rupestris,7,-0.14613713,-0.98315054,0.63810533,-0.4823138,-0.583469,-0.2136457,-1.0150181,0.15109822,-0.95604366,-0.89824516,-0.9953383,-0.27148023,-0.38700208,-1.4536465,-0.17770562,-0.30146694,0.0110562,0.009972944,-0.27431485
588331,Vitis_rupestris,7,-0.278242,-0.26344487,1.0457988,0.032819774,0.19723493,-0.6326435,-1.2240074,0.040625956,-1.1239839,-1.3537726,-1.224843,-0.4183302,-0.47309527,-1.6010761,-0.76377034,-0.6651752,-0.32513285,-0.33067375,-0.33115268
588401,Vitis_rupestris,7,2.951,1.94669,-0.53920364,-0.6974798,-1.0878696,-1.1069827,-1.0632424,-0.2011404,-1.1785773,-1.2855641,-1.2945741,-0.36493665,0.10271489,-1.3838162,-1.2217698,-0.4379096,0.5946471,-0.40402183,-0.29991058
588231,Vitis_rupestris,7,1.5804807,-0.431894,-0.89715254,-1.0769253,-0.32110474,-0.9884828,-0.111655906,-1.9191575,-1.3048414,-0.7870145,-0.6066318,-0.3287379,0.08752553,-0.62204766,0.30319795,-0.5446736,-1.7629435,-0.39093962,-0.264242
588229,Vitis_rupestris,7,0.893195,-0.2005549,0.38599354,-0.31089625,-0.001660284,-0.98599976,-0.02699326,-0.8416245,-0.6656793,-0.87846667,-1.1271428,-0.42150393,-0.46402648,-0.6620276,-0.39772573,-0.6012806,-0.7250632,0.343253,-0.22227111
588225,Vitis_rupestris,7,-1.0732176,-0.39590502,0.5983203,-0.7546414,1.7153562,1.3776666,-1.0475206,0.4852383,0.37552392,-0.36062422,-0.66433185,-0.25768036,0.5036662,0.12081667,-0.6863851,-0.13731511,0.0344029,-0.019580452,-0.20498982
588415,Vitis_rupestris,7,-0.5899645,0.93487614,-0.24152552,-0.8979068,-0.5268103,0.20934151,-0.698482,-1.2398254,-0.59793,-0.71749896,-0.8991964,-0.37280855,-0.70321417,-1.415102,-1.2566944,0.21630737,-1.0024602,-0.33928016,-0.25173724
588395,Vitis_rupestris,7,1.2671198,-0.12299781,1.0820748,-1.368131,0.8581171,-0.327778,-1.0822023,0.09355093,-1.3085506,-0.53357345,-0.5310479,-0.35272706,-0.29149315,-0.9921641,-0.89084476,-0.0510052,0.35827553,0.41745108,-0.24454114
588223,Vitis_rupestris,7,-1.0600735,0.3660481,-0.2563569,-0.25837585,-0.44220325,-1.0749865,-0.44080424,-1.6508187,-0.60410154,-0.31763878,-0.003399547,-0.13621455,0.7741047,1.114448,-1.4074589,1.0839041,-1.7492301,-0.7409882,-0.22255953
588142,Vitis_vulpina,8,0.3196099,-0.66546273,-0.038893536,-0.15651274,0.71758455,0.71052915,0.5559508,1.025241,-0.36239907,-0.51081544,-0.7431757,-0.35576478,-0.61886406,3.3281958,-0.2917055,0.49939924,0.7486812,1.7339334,0.11322247
588680,Vitis_vulpina,8,-0.67476076,-0.3869477,0.78014255,0.41923517,-0.6673306,1.3700653,-0.25820324,-0.22167256,1.4910731,0.84851766,1.1137325,-0.16492906,0.5283898,0.42663196,0.3226466,0.13733456,-0.43210682,-0.6671641,0.024812039
588679,Vitis_vulpina,8,0.51251864,-0.66791886,-0.78348625,-0.55876076,0.34891796,0.20693882,0.317976,-0.542407,-0.44359142,0.34490687,0.5147332,-0.23519818,1.4206266,0.51327187,0.338658,0.41515586,-0.76336634,-0.68640935,-0.22753529
588133,Vitis_vulpina,8,-0.22280382,-0.5532178,-0.17601305,-0.6943963,0.2682958,-0.41422686,-0.92571753,0.4330236,-0.64920425,-0.32696342,-0.5594719,-0.28089017,-0.018567428,-0.15387103,-0.7200238,-0.47389525,0.24954303,0.39515704,0.20384869
483180,Vitis_vulpina,8,-0.47692645,-0.98280364,-1.3889372,-0.2720743,-0.13481809,-1.3915751,-0.40801212,-1.6110039,-1.1579419,-1.8190261,-1.3599744,-0.2509831,-0.5311816,-1.9114648,-0.76025105,-0.7241865,-1.3077217,-0.7438845,0.13452351
597115,Vitis_vulpina,8,-0.75358903,-1.4020903,-0.81714046,-1.4488739,0.5965066,-0.26346937,-0.3058972,0.5810809,-0.7506278,-0.50538826,-1.0627319,-0.36973566,-0.25032467,-1.2143563,-0.96493214,-0.5995899,0.43046728,0.08771791,-0.0611569
483190,Vitis_vulpina,8,-1.2191911,-1.2595398,-1.1048447,-1.0443072,-1.1206721,-0.35724497,-0.23270006,-0.37271196,-1.0248603,-0.5197094,-1.1743827,-0.39710423,-0.7792191,-0.86346287,-0.60224396,-0.98269916,0.14311337,-0.79375136,-0.11836546
483187,Vitis_vulpina,8,1.7047411,0.397027,0.07716242,1.063003,-1.3525941,-0.39863446,0.53423536,-0.73280066,0.53105724,0.6569014,0.7893036,-0.13155536,-0.47115147,0.98802495,2.621743,-0.4926296,-0.6162591,-0.7504849,0.18272333
483184,Vitis_vulpina,8,-1.0720196,-0.74023134,-1.2201637,0.003174856,-0.88736385,-0.6929384,-0.47994125,-0.57838166,-0.47422218,-0.8443596,-0.51144576,-0.30449936,-0.25662407,-0.9254614,-0.5484408,-0.5741338,-0.75191396,0.3172524,-0.108722776
483188,Vitis_vulpina,8,1.0094199,-1.0437025,-0.27094707,-0.91838497,-1.0670766,-1.5765383,0.27060127,-1.0607789,-0.5502918,-1.2936044,-1.1665437,-0.33669597,-0.19977489,-1.1957963,-0.6879776,-0.40766773,-1.108205,0.30159634,-0.25956863
483186,Vitis_vulpina,8,-1.2034816,-0.7602089,-0.82128936,0.015122074,0.37261868,-1.1133493,-0.40303257,-1.1977923,0.47920164,-1.5085673,-1.3233826,-0.35928452,0.3469572,-1.2553641,-0.6089697,-0.3189733,-1.1244744,-0.7274581,0.013043866
588123,Vitis_sp_candicans_or_hyb_candicans,,-0.27770773,-0.7584461,0.16289051,-1.0457257,2.718034,-0.062062677,-0.15415575,0.37768885,-1.3781358,-0.72000384,-0.6227215,-0.2853566,0.07235919,-0.34363994,-0.9145149,0.17422338,0.51200503,0.2912044,-0.2968513
588282,Vitis_sp_riparia_vulpina,,0.38303903,0.6495241,0.040162496,1.3880966,-0.1743437,1.4144676,0.18773079,4.042057,0.5994335,2.4450657,1.9008464,-0.13550687,-0.3075945,3.3038542,0.6119673,1.0517055,2.8215518,-0.25853735,0.032754887
588508,Vitis_sp_unknown_NY,,1.5258231,0.3962779,-0.40259707,-0.41690248,0.10154759,-0.4217192,-0.29192916,1.1177772,-0.48637068,0.57848173,0.034259412,-0.30373982,-0.7221055,-0.18077496,-0.8395404,0.4144726,0.8396391,-0.4537275,-0.06804927
588549,Vitis_sp_unknown_NY,,0.49220505,-0.30050468,-0.7624912,3.1411555,-0.43367136,0.1495947,1.2111677,-0.91262174,-0.8604764,0.055412315,0.05321997,-0.27768353,0.53317726,-0.19669452,0.31319946,0.5720194,-1.1525155,-0.72430813,-0.21032885
588501,Vitis_sp_unknown_PA,,-0.82123923,-0.08776969,2.327305,1.2369789,0.9521019,0.6265787,-0.5775274,0.3933754,-0.2953287,1.9866667,2.736603,0.031284116,-0.033927847,0.7105337,1.3905549,-0.53186965,0.03209893,-0.80881715,0.3375403
588628,Vitis_sp_unknown,,-0.8283183,0.15597147,0.004587373,-0.41842815,-0.64213425,-0.77820545,-0.59456605,-0.71951264,0.16522855,-0.714572,-0.3251896,-0.26661745,-0.2740442,-0.1424467,0.51897395,-0.3727491,-0.7076869,-0.102315076,-0.21040799
588529,Vitis_sp_unknown_NY,,-0.15041627,-0.8863208,0.081379406,-0.81875485,-0.92752147,-0.83500826,0.33573765,0.13157956,-0.3295114,-1.302142,-0.9001999,0.010051655,-0.0394173,1.0157796,-0.07677315,-0.58786243,0.86359787,-0.8175596,-0.0381734
588476,Vitis_sp_unknown_NY,,-1.0787706,-0.5259125,-0.44617167,-0.82272786,3.6518934,1.8450407,1.2791711,0.4820033,-1.0924743,-0.6107117,-0.886639,-0.34217283,0.72622186,-0.9896323,-0.9044718,-0.09264914,0.4000061,-0.0289129,-0.195525
588392,Vitis_x_andersonii_v. coignetiae x v. riparia (vulpina),,-0.6975451,0.29799965,-0.25337473,0.41046458,1.346144,-0.5658392,-0.7588206,-0.5760257,0.091329515,-0.7461446,0.34081933,-0.3232118,-0.6218881,-0.54756594,0.39530239,-0.28147382,-0.6279023,-0.35013464,-0.085886836
588391,Vitis_x_champinii_v. mustangensis x v. rupestris,,-0.524826,-0.93356466,0.34738293,-1.0939791,-0.5792511,-1.0676872,0.09069612,0.527467,-0.91384274,-1.1749536,-0.9948932,-0.33196968,-0.5129999,-0.9586136,-1.2368397,-0.4730363,0.35027865,0.1861339,-0.20656133
588371,Vitis_x_champinii_v. mustangensis x v. rupestris,,-0.110751554,0.20188949,0.1780697,0.34602118,-0.34110045,0.96219134,-0.42221504,1.4287798,0.7021446,1.950518,1.1132053,-0.032728057,0.103507586,0.21296142,1.8396219,-0.91626656,0.69535774,-0.7767178,0.3182937
588149,Vitis_x_doaniana_v. mustangensis x v. acerifolia,,-0.22560997,0.46884516,-0.5967983,1.4270349,0.015517698,-1.7814721,-0.79723877,0.16237399,-0.003313576,-1.0225465,-0.756416,-0.2986423,-0.33198422,-0.5818208,0.41181564,0.9517307,5.208815,0.6456257,-0.23461337
588257,Vitis_x_novae-angliae_v. labrusca x v. riparia,,-1.0565699,-0.31238893,-1.0643733,-0.48758775,-0.42571193,-0.046165347,-0.46712163,-1.035052,-0.67969793,-0.43943313,-0.5374415,-0.29065996,-0.1379255,-0.096637614,-0.20658547,-0.7547716,-0.95099366,-0.79529136,-0.13859753
