Accession_position,genus_species,spec_as_int,B11,Na23,Mg26,Al27,P31,S34,K39,Ca44,Fe54,Mn55,Co59,Ni60,Cu63,Zn66,As75,Rb85,Sr88,Mo98,Cd111
318684_z,Vitis_acerifolia,1,-0.25987527,0.947074,1.1651989,0.53751695,-2.129472,-0.35372403,-0.5638642,1.4257327,-0.010129838,1.8508871,1.5801729,-0.09715658,-1.0850979,0.6959709,-0.10881498,0.06357272,2.0353954,-0.4594849,0.05509724
588141_z,Vitis_acerifolia,1,-0.15340099,0.48163828,2.5099478,0.56376666,-1.3509549,0.046620622,-1.957869,0.9746937,1.1477495,1.5874212,1.1653479,-0.22378308,-0.57817876,0.58555925,0.4793072,-0.8110829,1.9934558,-0.049969018,0.16271439
588646_z,Vitis_acerifolia,1,-0.49240234,-0.42969662,2.1162736,0.85598207,1.1894522,0.5384846,-0.6853185,1.5427276,1.3418761,0.775126,0.32480815,-0.34547186,-0.3811401,0.24740276,0.23786293,-0.6966415,1.2595102,0.45097256,0.022697318
588378_z,Vitis_acerifolia,1,-0.47861105,-0.043084186,1.5583571,0.8624921,-0.5788831,-0.79409504,-1.8453592,0.6644005,0.52424,1.0457646,0.15422657,-0.4012175,-1.1473727,0.2791078,0.45701793,-0.7842502,0.30236712,-0.32258034,-0.00643363
588459_z,Vitis_acerifolia,1,0.40834975,0.28694904,0.4474545,1.7584988,-1.5728395,0.8066494,-1.8650719,0.69355655,2.774141,0.93422,1.3411037,-0.17855209,-0.9525023,0.18927903,1.0885451,-0.39859673,0.52481216,0.19599144,0.014384548
1583_z,Vitis_acerifolia,1,0.5442199,-0.7294814,2.3076231,0.40270776,-0.09438487,0.6792806,-1.6133208,1.3300319,0.35562563,0.41751665,0.23183653,-0.21587825,-0.5313154,0.16845986,1.0050151,-0.83203304,1.0830368,-0.6642722,-0.04076089
588448_z,Vitis_acerifolia,1,-0.62169147,-0.08440667,-0.06200694,1.2513961,0.95281047,0.48666713,-0.96636593,1.1312844,-0.033027377,2.0495424,1.1514117,-0.21923566,-0.97347116,0.4030917,0.21776259,-0.39565188,0.7074606,-0.06740105,0.28964368
588144_z,Vitis_acerifolia,1,-0.38405967,0.30672696,0.013105726,1.2775979,-0.860153,-0.8263189,-1.8613583,0.326862,-0.3158204,0.3787609,0.2214141,-0.2804742,-1.0439491,0.24213606,-0.29326615,-0.66979396,-0.0151938,0.12655592,0.6734707
588324_z,Vitis_acerifolia,1,0.5119974,0.508077,1.4324294,0.76098955,-1.4073639,-0.38074857,-1.9655274,1.1192352,0.24628606,0.9708331,0.7092258,-0.1904072,-0.97463536,0.6598713,0.72736365,-0.8995788,2.5657296,0.21481007,-0.20976059
588325_z,Vitis_acerifolia,1,-0.4827019,0.63864535,0.5416165,0.30778196,-1.7186962,-0.7593535,-2.0563335,0.53894216,-0.16629146,0.7945969,0.72055393,-0.3726527,-1.0843372,0.24542986,-0.005395856,-0.8013928,0.4636694,-0.07022113,-0.16851251
588393_z,Vitis_acerifolia,1,-0.12810133,1.2856656,1.1729629,0.52118903,0.33666283,0.06369381,-2.2262812,1.5962771,0.58042556,1.5934691,1.5022252,-0.28885373,-1.1407019,0.33036265,1.2426982,-0.83208257,2.3560333,0.10594411,-0.21107657
588442_z,Vitis_acerifolia,1,-0.1827435,0.86619806,-0.50075614,0.65923727,-1.9845407,-0.14879957,-1.1735787,-0.14160475,0.8961587,1.5571123,1.5016649,-0.26486248,-1.1002796,2.400447,0.38211098,-0.64180917,-0.098129906,-0.15459844,-0.08244128
588677_z,Vitis_aestivalis,2,-0.5048977,-0.7616915,0.6109328,-0.27668616,-0.9275953,0.45762423,-1.1672722,0.69348997,-0.2602933,0.1649937,0.54586405,0.07040233,0.33165804,-0.23433743,1.1332943,-0.71052855,0.6984172,-0.8076925,0.056282967
237621_z,Vitis_aestivalis,2,-0.15881401,-0.8817896,0.67733306,0.06209092,-1.4909786,-0.5229682,-1.6066086,1.7449102,1.1603633,0.049325336,-0.13710938,-0.38939008,-0.36092934,-0.414507,-0.5555334,-0.909258,1.6637542,0.31917182,-0.009878162
483143_z,Vitis_aestivalis,2,-0.60031873,-0.8510618,0.8148279,-0.04033974,-1.4222113,-0.12824428,-1.4887921,0.46282214,0.39369965,-0.51990956,-0.55360335,-0.19895121,-0.6638337,-0.3261534,0.8936959,-0.9375503,0.41898355,-0.79479057,0.34147006
588626_z,Vitis_aestivalis,2,-0.7674433,-0.48270088,-0.45293036,0.019284775,-1.1340086,-1.2200097,-1.3671145,0.82824147,0.19731617,0.5476274,-0.011143321,-0.27699065,-0.68061495,0.9467869,0.23071863,-0.9021857,0.9175086,-0.47177672,-0.001506078
483138_z,Vitis_aestivalis,2,0.13136558,-0.68731415,1.3426487,1.00877,-1.6229037,0.045760732,-1.9427059,0.983007,-0.019752262,0.9963334,1.2412626,0.019264152,-0.8345473,0.69676787,0.47808585,-0.9108486,0.89655113,-0.8692532,1.0158211
483130_z,Vitis_aestivalis,2,0.5454062,-0.39925724,0.6510399,2.0948546,-1.6776829,-0.089977846,-0.48393428,0.8652053,0.63260233,0.20625359,0.47981355,-0.24012622,-0.8131005,0.23265819,0.24527651,-0.80524457,0.7934446,-0.8382303,0.22206981
588198_z,Vitis_cinerea,3,-0.4857033,-0.44371212,2.620121,1.4869584,-0.43493575,0.7061848,-1.1651216,0.9193928,3.0466177,1.2185587,2.0440495,1.0531595,0.33737138,1.1725324,0.8913004,-0.6342347,1.4841319,1.5318618,-0.009254797
588205_z,Vitis_cinerea,3,-0.7339812,-0.6032611,0.95080674,0.998626,1.588228,-0.3360274,-1.0735976,0.84410644,1.2161753,0.14600156,0.37458518,-0.24249148,-0.24822505,0.8742718,0.32309985,-0.6568451,0.8025414,0.2946095,-0.0821025
588199_z,Vitis_cinerea,3,-0.38971937,-0.15366054,1.7143114,1.3594155,0.09390084,2.2255316,0.1692629,0.4604164,1.4968263,2.2404892,3.9879525,2.0168636,0.8279711,1.796211,1.5824764,0.93902117,0.31467783,0.003576859,-0.07840878
588200_z,Vitis_cinerea,3,-0.24254106,-0.249105,0.7785418,0.4497358,-0.15903208,0.3989518,-0.673083,0.4755457,3.990453,0.45959795,1.1284528,0.9397765,2.0621138,0.43594682,0.74963903,-0.489819,0.6802181,2.298669,0.39648816
588221_z,Vitis_cinerea,3,-0.472194,-0.23244019,0.50585735,1.102797,0.7832187,7.1082835,-1.7480155,2.5691059,2.3092356,2.260119,2.2076085,0.5587498,2.239646,1.4698521,0.28776628,-0.8979912,2.0824764,4.917942,0.76662904
588197_z,Vitis_cinerea,3,-0.2053601,-0.31805056,1.8117006,0.98773617,1.3869045,2.7928326,-1.1658903,1.3748776,5.0175433,2.0144534,2.6326792,1.9270432,-0.057790086,1.039415,0.11007827,-0.8491107,0.7412828,5.828196,1.2243496
588217_z,Vitis_cinerea,3,0.16241011,-0.35339296,2.9694786,0.041728932,-0.18934537,-0.10890997,-1.8133435,2.8762963,0.2990983,0.86497235,0.5390281,-0.25866458,-0.19328189,-0.26642507,-0.4031507,-0.83579844,2.6144412,1.5510501,-0.16931693
588356_z,Vitis_cinerea,3,-0.6407654,-0.5749549,0.3243706,-0.18118663,-0.5513157,1.7322718,-0.7242553,0.79424155,1.3246876,1.4118104,2.0120487,0.96900564,0.69857305,0.67635536,0.036657587,-0.7578498,0.65607667,0.09120999,-0.121240824
588218_z,Vitis_cinerea,3,-0.13150473,-0.15852359,0.039828237,0.7616846,-0.8306879,0.17843202,-0.33994374,1.1270654,1.5416046,0.957362,1.3656608,1.4532036,0.720085,2.249703,0.7724584,-0.5992708,0.92128235,3.0960417,0.27028152
588134_z,Vitis_cinerea,3,-0.56053704,-0.79411244,1.061376,0.14230731,-0.1655469,2.2936528,-0.115215264,2.501546,0.84981626,1.437703,1.1920234,1.2082038,2.6561131,1.2107414,-0.09461613,-0.8879491,2.2634232,2.949106,0.40897378
588208_z,Vitis_cinerea,3,-0.60726315,-0.6291549,0.36437544,0.74468315,1.268747,1.8125464,2.8877726,0.25613165,2.392667,2.0425174,3.197028,2.8028958,6.4569116,1.9813429,0.22089508,0.2818762,0.10310583,3.0428646,-0.007253434
588398_z,Vitis_cinerea,3,-0.6017928,-0.5338242,1.3772213,-0.23996267,-0.28823495,1.1548342,-1.4235072,0.8533731,2.3823578,0.50925815,0.12819906,0.5270271,1.9268183,1.7981402,-0.3389561,-0.8613551,0.7365224,0.6877242,-0.08760494
588186_z,Vitis_cinerea,3,-0.5462349,-0.324799,0.34030986,0.5331864,0.898646,4.8115554,-1.560541,2.5421047,1.348524,1.1891189,1.1113776,0.47160286,2.4783223,0.28039187,0.14530496,-0.90600926,2.8362107,6.6472015,0.2142573
588154_z,Vitis_cinerea,3,-0.16282777,-0.4601606,1.6442614,1.0018661,0.5227608,2.0189304,-0.1655682,1.8316096,2.4744055,2.8057148,2.565828,0.7330485,1.1090479,1.3468194,0.50236094,-0.6780187,1.7508066,2.1296475,-0.025444046
171_z,Vitis_cinerea,3,-0.50592387,-0.91338456,-0.091333,-0.6259573,-1.1068996,0.066103,-1.4203074,1.5955083,1.7921088,-0.05263248,-0.6414415,-0.46447194,-0.15781853,-0.67691535,-0.7111334,-0.95329094,1.5557048,-0.7038492,0.043875854
588678_z,Vitis_cinerea,3,-0.45425373,-0.31778884,0.64919186,1.6286377,1.9887195,2.9494286,-0.71251786,1.0797615,1.5588676,1.7939426,2.4938517,1.7349815,3.0805748,1.4023857,0.8007583,-0.71524084,0.9961675,4.932882,0.42995885
597232_z,Vitis_cinerea,3,-0.0491465,-0.3801229,0.5504438,1.485712,-1.5484451,1.7340878,-1.1869771,0.5701433,3.4201422,2.9899228,3.7420676,1.8591979,1.423081,1.3132595,1.1565477,-0.7069668,0.21659683,1.9139422,0.12932676
588575_z,Vitis_cinerea,3,-1.1162719,-0.3690357,1.9438914,0.28577527,1.7287201,0.87034076,-1.037338,1.0698717,1.6546476,0.8018419,1.5851035,0.6440165,0.20079324,1.4158854,-0.26795083,-0.8231314,1.1111995,6.596247,-0.25207824
588685_z,Vitis_cinerea,3,-0.7447119,-0.4237175,0.98529166,0.2919654,-1.1207309,1.7715198,-0.3036296,1.1151574,1.3548762,1.2321068,1.6550707,0.93772715,0.66129833,0.35587025,0.030873632,-0.58856696,1.0135338,2.9026496,0.7862016
588466_z,Vitis_cinerea,3,-0.62315905,-0.605262,0.15984815,-0.32060397,0.0321287,-0.051775806,-1.637745,0.30069965,0.16660012,0.41774043,0.7485242,-0.14105107,5.148572,-0.14147171,-0.23058553,-0.69177186,0.30719888,1.210702,1.069243
588460_z,Vitis_cinerea,3,-1.010427,-0.27629575,0.7041989,0.4896398,-0.6289012,1.1354117,-0.93937564,0.6261472,0.49761933,1.6794648,2.0007966,0.7445662,1.055843,0.65698797,0.3649487,-0.34854668,0.5133284,0.81179005,-0.07886001
588328_z,Vitis_cinerea,3,-0.7658396,-0.4875425,1.7383876,-0.091798685,1.4205204,0.9126116,-0.538937,0.9758378,3.4709773,1.5442748,0.8610005,2.5471737,0.731517,1.4671975,-0.42623058,-0.8050089,0.8544176,2.1427827,0.55432606
588372_z,Vitis_cinerea,3,0.64591515,-0.24527635,0.047384396,1.1171324,3.8842802,2.0648313,2.325237,1.6282195,5.5117383,2.145238,0.84452504,0.74210507,2.137432,0.078992605,0.13856533,-0.7135495,1.4127858,4.310147,0.17068844
588329_z,Vitis_cinerea,3,-0.58301353,-0.3674955,0.5842615,1.3213505,-1.2802534,0.5756621,-1.1079433,1.2601317,3.4713535,2.204897,1.2178758,1.6780792,0.34585816,0.38389874,0.46246824,-0.8633421,1.0959502,0.70202684,-0.015805297
588143_z,Vitis_cinerea,3,-0.736564,-0.26847553,0.022528972,1.1300682,1.7550054,2.120528,0.4364119,1.4082177,1.7416065,1.0424998,1.3290218,0.9320649,1.1514812,-0.10150205,0.20791852,-0.6783914,0.8334671,3.7556794,0.25328326
588352_z,Vitis_cinerea,3,-0.6744806,-0.5483022,-0.06346516,0.41304147,2.1434667,0.3399099,-0.041548565,1.9387748,2.2374866,0.494347,1.2350312,1.8696474,2.1392193,0.28150305,0.10015527,-0.7991304,1.8519464,0.92141366,0.40993747
588222_z,Vitis_cinerea,3,-0.32115486,-0.38459203,2.1241736,-0.002612032,-0.4062895,1.0838625,-0.57214946,2.0108466,2.328894,2.3263168,2.378358,1.1939353,0.98698366,0.6470439,0.11016801,-0.83218604,2.2922893,1.0631056,0.9202273
588220_z,Vitis_cinerea,3,-0.7453526,0.063057885,1.7759427,0.24382178,1.6733899,1.2832744,-1.0386459,1.2827637,3.119383,1.7831944,2.2724876,0.5564666,0.18443114,0.7955768,0.33517134,-0.7570007,2.4806552,2.3418071,-0.035212226
588165_z,Vitis_labrusca,4,-0.6299209,-0.6782802,3.4805646,-0.5490626,-0.58813524,-0.10193995,-1.2718908,1.2668841,-0.31092194,0.1018724,0.059147,-0.099892326,-0.6546615,0.82707936,0.056709714,-0.84045947,1.2024127,-0.8765977,0.64956516
588182_z,Vitis_labrusca,4,0.61775917,-0.43205792,1.726579,0.8887227,-1.4121763,2.0286953,-1.0580933,0.20299332,1.1308185,2.2378352,2.5019565,0.42669043,-0.1013394,2.0204136,1.5293751,-0.8570271,0.15314943,-0.7724502,0.05411103
588128_z,Vitis_labrusca,4,-0.5226367,-0.019814005,3.0858579,-0.15804203,-0.2518676,4.8872323,-1.4814018,1.8622137,0.25824937,2.389034,1.6581734,-0.030463926,-0.20500231,1.5030394,0.6137734,-0.80388415,4.2389846,3.4937737,0.57104063
588173_z,Vitis_labrusca,4,-0.04386557,-0.5739303,2.7079115,0.24657674,-1.4183276,0.16249414,-1.2378532,0.90115434,0.3830157,0.65190285,1.1400025,0.040992506,-0.30407172,0.851507,1.2310023,-0.7697977,0.75965685,-0.8322262,0.54875547
483148_z,Vitis_labrusca,4,-0.27930793,-0.54559517,2.6573856,0.3028446,-1.7914795,-0.16462319,-1.4101943,1.1146437,1.2832355,0.60332286,0.22533233,0.04345381,-0.36654815,0.68274796,0.51607174,-0.9795876,0.92966086,-0.8450321,0.6720184
483160_z,Vitis_labrusca,4,-0.3853527,-0.27352884,3.199593,4.720873,-0.6397304,1.5695229,-1.2424921,1.6480422,2.5313435,1.1222498,2.1759758,0.33067456,0.24873234,1.1148024,2.7716734,-0.80938095,1.7284852,-0.7768294,0.24995808
483161_z,Vitis_labrusca,4,-0.33697274,-0.0134484,2.1760268,0.42373985,-0.67269903,2.9769795,-0.83113736,1.9202772,0.8294959,2.6931844,2.0393896,0.20827097,0.08989907,1.0039351,0.8997934,-0.57208526,2.005509,-0.85075986,-0.016215835
483164_z,Vitis_labrusca,4,0.1594871,-0.33070138,2.4677002,0.15788767,-0.39085677,0.65189123,-0.95589626,0.8103407,1.109271,1.0041485,2.909291,0.3524912,0.6662593,0.80022097,3.5707529,-0.74994045,0.722754,-0.82878566,0.502278
588583_z,Vitis_labrusca,4,-0.021241577,-0.74111277,1.8550023,-0.13661304,-1.0826367,-0.50307333,-0.9330034,0.63985336,-0.01731816,0.3775006,0.17271891,-0.027351234,-0.7169646,-0.20977227,1.2615651,-0.8582349,0.90905285,-0.82517457,0.4609153
588585_z,Vitis_labrusca,4,0.17017892,-0.59534895,2.1127002,0.36441487,-1.2515917,0.5631132,-0.7201098,1.259209,1.361688,1.1414827,1.1934617,0.29456913,0.031908043,0.33864576,1.6421424,-0.81015235,1.2929808,-0.83030045,0.33876565
594349_z,Vitis_labrusca,4,-0.6508272,-0.029931176,0.5242334,0.7206817,0.7220993,1.2266308,-1.5899044,0.82767135,-0.1774233,0.9714685,1.5223205,-0.10184065,0.26767775,0.61524904,0.2179565,-0.617801,0.94509315,-0.4346734,0.112497464
588584_z,Vitis_labrusca,4,0.34802067,-0.2072762,1.5541295,1.765448,0.24644569,0.80944616,-1.2803484,1.5041022,1.8710353,1.9349772,1.7931739,0.4250527,-0.5392329,0.93089294,2.722811,-0.9330952,1.2774656,-0.7468432,0.03952441
588648_z,Vitis_labrusca,4,-0.5600505,-0.08298204,1.984302,1.4551927,-1.4435194,0.18994892,-0.8728293,0.7826047,0.40748882,1.9992436,1.7728491,0.046988994,-0.58625513,0.3194938,1.099313,-0.91522264,0.52466327,-0.80215526,0.1474068
1587_z,Vitis_labrusca,4,-0.6513093,-0.057608638,0.4706558,0.51918155,2.0471938,1.5871582,-0.9007984,0.21669425,-0.2248762,2.2963898,1.3194681,-0.1829921,-0.26688072,0.3008392,0.3659801,-0.68287456,0.4121624,-0.7051647,-0.026175871
483162_z,Vitis_labrusca,4,-0.79420424,0.35861856,1.5661511,2.4469814,-1.8908353,0.97150725,-1.8465427,1.144152,0.6328761,3.560003,2.6560023,0.23967838,-0.8572023,1.6010382,1.3368248,-0.92091674,1.04709,-0.8172149,0.41199526
588658_z,Vitis_labrusca,4,-0.4997342,0.28554317,2.3525696,0.24845839,-0.45255023,-0.003526464,-0.39288053,0.8217632,0.94910794,1.1970193,0.91337645,-0.19575468,-0.6124041,1.0779701,0.117029,-0.86965543,0.5831476,-0.8220153,0.747579
588647_z,Vitis_labrusca,4,-0.26013055,-0.15825297,1.5019813,2.518174,-1.4416984,1.3063687,-1.0118634,1.2343562,1.5009193,2.667313,2.3984563,0.47494942,0.8913829,2.1117194,3.4709806,-0.85253996,1.1485373,-0.7872032,0.4855641
483159_z,Vitis_labrusca,4,-0.49117345,-0.66640353,3.578961,-0.253824,-1.1050733,-0.09297695,-0.4788246,0.7346586,-0.08238668,-0.25347468,-0.08841642,0.48894134,0.24817972,0.5471395,0.46108395,-0.84691066,0.77156115,-0.8690092,-0.002510479
483151_z,Vitis_labrusca,4,-0.6810365,-0.46325612,1.0623307,2.9779227,-1.1904428,-0.48507828,-0.84564686,0.77809983,1.8443826,1.000375,1.1395628,0.030164525,-0.5033588,0.83188075,2.259908,-0.76273537,0.66080666,-0.8099215,0.7252717
588675_z,Vitis_labrusca,4,-0.38320056,0.5014091,0.8239559,1.6873176,1.188921,1.0852078,-0.94758445,0.66738254,0.44779658,3.0722568,1.9249164,-0.0816109,0.15511549,0.7743353,1.3049209,-0.8083094,1.0616292,0.4824974,-0.07982692
597172_z,Vitis_labrusca,4,-0.33564577,0.037921,2.3493629,0.8537293,0.019890912,1.0459155,-1.3663822,0.96000046,-0.18533777,2.4978611,1.8891172,-0.10410378,0.09175841,1.9633356,0.11003624,-0.8597395,0.43233952,-0.71018887,0.3487787
597203_z,Vitis_labrusca,4,-0.55007434,0.15060145,3.7426567,1.4184209,-0.7144331,0.4522388,-1.4954168,1.2028322,0.47630525,1.0153888,0.7790938,-0.24949673,-0.49371982,2.1009126,0.4966256,-0.84085524,0.9245591,-0.73665637,0.6425791
597228_z,Vitis_labrusca,4,-0.5164863,-0.26640585,2.025423,-0.13811506,1.3217312,1.6455603,-1.0049736,1.3281873,-0.57762057,1.7794057,0.884365,-0.24364111,-0.35461688,0.3292326,-0.13447791,-0.95156664,1.7801349,0.8718804,0.019632058
588307_z,Vitis_labrusca,4,-0.7353146,-0.053455643,1.6563525,0.60764295,-1.7777256,1.1251154,-1.2124504,0.6377969,0.13801113,0.39292726,0.3396824,0.07117457,-0.27652234,0.43551245,-0.14904773,-0.78497887,0.81043494,-0.8281782,0.4805303
588138_z,Vitis_labrusca,4,-0.7988398,-0.5325517,1.4512419,0.7063984,-1.9254955,0.637401,-1.6271417,0.8470527,1.581317,1.0806853,2.174232,1.4046143,-0.06540553,0.34305853,3.5528705,-0.91531163,0.8048971,-0.80835074,0.40678644
588169_z,Vitis_labrusca,4,-0.36817965,-0.52429867,2.648657,-0.20341665,-0.86134803,-0.18911183,-1.4940423,1.4063543,-0.7421278,0.5888413,0.95903987,-0.3381431,-0.77692795,0.14387417,0.5074733,-0.75068116,1.4722412,-0.23329726,-0.19663684
588277_z,Vitis_labrusca,4,-0.57279253,0.23035008,1.8413806,0.84662116,-1.2271988,2.8171172,-1.1775789,1.4413391,0.51360303,3.4143817,2.0937262,-0.055093095,-0.29638594,1.4480556,0.5343059,-0.8133638,1.4636754,-0.7962069,0.59741753
483155_z,Vitis_labrusca,4,-0.44757828,-0.4905269,1.9687725,1.2662041,-1.1237919,0.27189633,-0.48011485,1.1127541,0.76386315,0.7320292,1.0483663,0.071657404,-0.5165841,0.6055194,1.4369015,-0.81992877,1.3754295,-0.8171075,0.11775473
483150_z,Vitis_labrusca,4,-0.6068895,-0.56897104,2.208719,0.9898467,-0.39745694,0.9373212,-1.0435379,1.1178982,0.2687868,1.3188834,0.9941899,0.03880862,0.2775482,0.51326466,0.77854246,-0.87136525,1.6950507,-0.8312431,0.7799536
483147_z,Vitis_labrusca,4,-0.5664157,-0.06787227,1.6696993,0.42832902,-1.5766928,0.37471116,-0.40874892,1.5763972,-0.15650624,1.9424945,1.2098656,0.33806515,-0.7288759,1.0669006,1.0826018,-0.82059157,1.2613149,-0.85875773,0.22752309
483149_z,Vitis_labrusca,4,0.36030692,0.109799534,1.9991188,2.3120227,-0.83240527,1.5654126,-0.54694086,1.3544164,1.0270166,2.8062859,1.8383307,0.21002431,-0.32461387,1.0483315,1.140614,-0.8016731,0.7789085,-0.8568523,0.02023569
588194_z,Vitis_labrusca,4,-0.6458582,-0.3903631,2.090796,0.15324181,-0.5872994,-0.06471389,-1.1706295,0.73157346,0.32929778,1.6467578,1.0946028,0.24278027,-0.3537109,0.4878435,1.0831244,-0.89863,0.852267,-0.62082946,0.12855339
483153_z,Vitis_labrusca,4,-0.25204146,-0.3843414,1.0110292,0.48915473,-1.5153371,-1.1774856,-1.5485808,1.696223,0.23603807,0.09118933,0.47370777,-0.017354192,-0.20826447,-0.21265967,0.6501858,-0.9490128,1.6873068,-0.81383646,-0.025154771
483154_z,Vitis_labrusca,4,-0.21939182,-0.77324116,2.4475,0.7280386,-1.6937245,-0.39469942,-0.7068922,2.229676,0.7130862,1.7514997,0.64199036,-0.0718224,-0.90202165,0.24889895,0.6096451,-0.8913055,2.513621,-0.83389986,0.57610196
483146_z,Vitis_labrusca,4,-0.48624712,-0.6671436,4.531888,0.36908966,-1.5263937,-0.6652265,-1.7908431,1.6017517,0.0550255,0.3820296,1.1024061,0.19578962,-0.22467929,0.84688526,0.94201577,-0.95045537,1.2698855,-0.8604874,0.7635041
483157_z,Vitis_labrusca,4,-0.6717069,-0.29582727,2.195048,-0.15273108,0.059957974,0.099491715,-0.63273,0.9846779,1.880807,0.9305276,-0.3675911,-0.22276933,-0.88935584,-0.0938818,0.06493857,-0.9455268,0.62969327,-0.8932451,0.32754013
483145_z,Vitis_labrusca,4,-0.68898827,-0.34595498,2.4569836,0.5154128,-0.65639037,0.1311016,-1.0096369,0.6173939,0.46215466,1.8208472,1.246671,0.95406884,-0.52264845,0.18825868,0.30191734,-0.95377445,0.28148898,-0.86439794,0.1376999
483133_z,Vitis_labrusca,4,-0.70696074,0.11679114,4.700368,1.2751787,-0.5755362,0.84726083,-1.2203615,2.3150578,1.2170482,2.2687228,2.5624206,0.41580454,-0.32911018,3.474747,1.2909998,-0.89093,1.8523453,-0.7832653,0.84186655
483152_z,Vitis_labrusca,4,-0.14927362,-0.40131092,3.7203398,0.61518264,-0.22345081,1.086512,-1.384728,1.7903156,0.8561663,2.2612588,1.6829892,0.2481395,-0.43759823,1.9119425,0.8281642,-0.8831199,1.5225774,-0.86621034,0.48787582
483163_z,Vitis_labrusca,4,-0.7901867,-0.3574698,1.8540653,0.12989788,0.0721903,0.45560345,-0.67111707,0.7222855,-0.13056922,1.4023829,1.0103238,-0.30838937,0.09923883,0.62847006,0.24218626,-0.7857693,0.43258372,-0.45729572,0.11448097
588201_z,Vitis_palmata,5,-0.405099,0.057483613,-0.19587655,-0.13255225,-0.29426947,-0.2629969,-0.7724051,-0.5951228,-0.29396787,0.83247995,3.951411,5.2436714,-0.40441722,-0.003416355,-0.6497492,-0.21326405,-0.33237612,-0.6873076,0.36866468
588152_z,Vitis_palmata,5,-1.2926356,0.13281877,0.20622516,0.96820575,3.4461946,0.35914093,0.12613241,-0.27704522,-0.051784895,1.8414505,2.7510583,4.9147644,0.002215184,0.28019252,0.8838054,-0.016995922,-0.22545008,-0.3275491,0.12701674
588155_z,Vitis_palmata,5,-0.6688139,-0.37754232,1.3956976,0.052071694,1.9962208,0.906787,-1.28551,0.77200216,0.36998937,0.57096356,1.0183632,0.7996849,-0.23180293,0.46007377,-0.2211422,-0.6557028,0.68261045,-0.1850941,0.23446462
588233_z,Vitis_palmata,5,-1.1061723,0.16664115,0.35146528,0.016142173,1.6513321,-0.12711048,-0.96883744,1.2880514,0.3020942,2.0552664,2.198404,1.1606878,-0.61436397,0.961147,0.11151274,-0.8330806,1.0312229,-0.5890779,0.9683556
588467_z,Vitis_palmata,5,-1.2471858,-0.2190431,-0.33025348,0.39725703,0.27156165,-0.031648364,0.50751275,-0.9358981,-0.73321426,0.23584038,1.0471785,1.7678015,-0.5172191,-0.3591437,0.52562046,-0.40994158,-0.8016395,-0.6168185,-0.22759275
588204_z,Vitis_riparia,6,0.72881854,-0.5828446,0.67114,-0.24956222,-1.8569976,-0.42042378,-1.4852687,1.9356898,0.6983553,0.6097663,0.3461389,-0.2848428,-0.81614673,-0.4178455,0.116797544,-0.5981792,2.1234698,0.4371705,-0.13322917
588276_z,Vitis_riparia,6,0.47632745,0.4244186,-0.029367754,1.5412394,-0.7529929,-0.31235254,0.2529994,0.7786729,2.0315924,1.1394222,1.1051834,-0.23227504,-0.77903247,0.082890004,0.8383145,-0.4515381,0.6349176,0.17082484,-0.23603398
588440_z,Vitis_riparia,6,1.0806723,0.47633448,-0.29515776,0.14145024,-1.082311,0.7646216,-1.5561417,1.2690966,0.34553498,1.0929438,0.8946437,-0.21148455,-0.3693551,-0.013549144,0.25664657,-0.83312505,0.97594273,0.60918593,0.27224013
588214_z,Vitis_riparia,6,1.2652526,-0.2636494,1.1783568,0.36890435,-1.4534434,1.5834496,-0.9461715,1.8461305,1.3602014,1.1884454,0.75499266,-0.26148257,-0.9671708,0.39160115,0.9914709,-0.006854209,1.3803837,0.9446154,-0.21914619
588190_z,Vitis_riparia,6,-0.43547067,0.28712547,0.45196152,1.1016717,-0.9546722,1.7363825,0.9638337,1.6617469,2.7116969,1.7543856,1.9729036,-0.2125045,-0.7597989,0.88131344,-0.15188327,-0.54752326,1.0299344,-0.020458618,-0.27317762
588273_z,Vitis_riparia,6,0.5662328,0.002816131,0.17159237,0.11777621,0.7150182,0.15397418,-0.8821132,2.246069,0.6925935,0.6983718,0.3254827,-0.36379743,-0.9076153,-0.093577005,0.07854475,-0.8369221,1.832018,0.2735121,0.13730851
588274_z,Vitis_riparia,6,0.49166188,-0.20861651,0.38855812,-0.42745262,-0.6872717,0.03618932,-1.3139044,1.3323455,2.1014264,0.68729305,0.5199327,-0.14361711,-0.6563687,0.020962173,-0.44575718,-0.7299688,1.1467857,-0.013098374,-0.050861325
588564_z,Vitis_riparia,6,-0.71736026,-0.13230899,2.514237,0.2264595,2.4394376,2.3845766,-1.0023141,1.2114121,1.3307412,0.38904414,0.5765745,-0.2599372,-0.43131748,0.8351259,0.36348447,-0.81862646,1.1075776,0.37816742,-0.069593035
588345_z,Vitis_riparia,6,-0.12817802,-0.596286,1.1156942,1.1303437,-0.85371596,3.377503,3.3622808,0.46505916,1.81438,1.4038267,1.1075904,-0.09653551,-0.7615095,0.27523616,0.91496104,0.93388134,0.5194088,1.2025049,-0.084868245
483169_z,Vitis_riparia,6,-0.7839462,-0.7967656,2.362975,-0.16158944,0.7857778,-0.4767051,-0.09743866,2.2141197,1.3645358,0.16450879,-0.050016973,-0.33154386,-0.7886594,-0.09614284,0.19294688,-0.5204339,2.529878,-0.09692259,-0.278892
588271_z,Vitis_riparia,6,-0.5651062,-0.43697977,-0.02709982,-0.2814308,-1.2165734,0.47500244,-0.45453006,0.78508395,0.699476,0.43797916,0.011457096,-0.37067834,-0.8656826,0.17597605,-0.74430776,-0.6566292,0.44824147,-0.14324893,-0.2894851
483171_z,Vitis_riparia,6,-0.20906003,-0.4868847,0.48591846,0.4429186,1.082199,-0.08199872,-0.51202995,2.0109804,0.5225388,0.65307146,0.099620745,-0.29598042,-0.9634361,0.20383961,0.2915225,-0.88641834,1.8180693,0.42724827,0.3526478
588435_z,Vitis_riparia,6,-0.07631405,-0.35674927,0.4434429,0.21125731,-0.9469347,1.4139837,-0.86795807,1.0590198,1.313372,1.834299,1.8238251,-0.08255531,-0.89066494,0.63325334,0.16548313,-0.52326417,0.953668,-0.058685027,0.013930156
588562_z,Vitis_riparia,6,0.002226014,-0.46048653,0.032696657,-0.45673633,-0.26951677,-0.3609213,1.3887956,0.85157543,0.20100869,-0.118560426,-0.31599692,-0.44727468,-0.7779905,-0.29809183,-0.11969814,-0.11122383,0.8292282,0.24970561,-0.013637669
255189_z,Vitis_riparia,6,0.49627867,-0.17011741,1.2994179,0.70170116,0.29504424,1.2423723,-0.9485082,1.4587796,1.6309202,2.346125,1.1353582,-0.14831556,-0.799077,0.520394,0.7755088,-0.7959966,1.0868049,0.3930872,-0.0643245
588456_z,Vitis_riparia,6,-0.39053828,-0.76275104,-0.36708787,-0.38537574,-1.3897978,-1.0790346,-0.77950346,-0.12600103,-0.077566236,-0.3132363,-0.14703208,-0.19136223,-0.82719177,-0.92649317,-0.09747045,-0.79884136,-0.22301984,0.26757795,-0.11554984
588353_z,Vitis_riparia,6,0.508931,0.3010072,1.5554185,0.39396754,0.960631,1.1390115,-1.4440533,2.1429532,1.1889231,2.150087,1.8589201,-0.17943221,-0.4687196,1.4021157,0.5441169,-0.8708688,1.555803,0.4453681,0.17014995
588439_z,Vitis_riparia,6,-0.037980437,-0.4879407,-0.5992683,-0.42987657,-1.3887151,0.12607521,-0.6129515,0.7004194,0.09726279,0.9823947,0.46450746,-0.315643,-0.97598606,-0.32204217,-0.065273516,-0.6038032,0.4220639,0.33967912,-0.16256543
483168_z,Vitis_riparia,6,-0.6239571,-0.62478375,0.7626561,-0.53299063,-1.4741795,-1.1944085,-0.31020886,1.3747964,1.4296117,0.40187618,0.8455049,-0.22842427,-0.83423305,-0.3679623,-0.29827783,-0.4135564,1.145188,-0.18834297,-0.007843059
483177_z,Vitis_riparia,6,0.47484455,-0.3357388,0.8218583,-0.13925308,1.278442,2.0103397,-1.3610188,2.2778149,0.91338307,0.81870794,0.74176824,-0.21740997,0.82515496,-0.16179582,0.17451826,-0.40535387,2.2647686,1.1670169,-0.099115334
588711_z,Vitis_riparia,6,0.14799215,-0.06335155,0.58663625,0.9278487,-1.8915544,0.76645815,2.065303,0.48376322,0.70615596,1.9723779,1.8188176,-0.21668822,-0.9139382,1.5092764,0.44849938,-0.555316,0.030786745,-0.056324363,0.018298695
588718_z,Vitis_riparia,6,0.6110959,-0.19151486,1.176664,1.7131549,-2.0843203,1.1753063,-1.6111366,2.1031663,2.8551135,1.8240843,1.6257211,-0.20059831,-0.8146773,1.2024549,0.09803997,-0.8598388,1.4213171,0.52097535,0.104500234
594344_z,Vitis_riparia,6,-0.3776222,-0.5830289,1.9521738,0.6423263,-1.281129,-0.014522562,-1.2152274,2.3418455,3.2189343,0.69080293,0.37797272,-0.30387875,-0.6963356,-0.02316959,-0.4966108,-0.51820815,2.0308292,0.11229775,0.17784992
588653_z,Vitis_riparia,6,-0.96414834,-0.4865282,-0.13086694,0.9395236,-1.5454487,-0.06323213,-1.5740116,1.0599365,1.8837458,0.9187138,0.25667873,-0.37170613,-0.84185964,0.02472562,0.86393183,-0.9554003,0.77335054,0.85569674,-0.24027775
588586_z,Vitis_riparia,6,-0.093951374,-0.42015758,0.18000987,0.40920886,1.041851,0.83120906,-1.3710835,1.7378453,-0.20638537,0.3164768,-0.12505247,-0.20264108,-0.63723785,-0.52833074,-0.28003573,-0.6775261,1.2143949,0.26449984,-0.24903192
495622_z,Vitis_riparia,6,0.3418635,-0.44442198,0.9582649,0.15899937,-0.9761091,0.35761017,-1.2591786,0.896737,1.772907,1.2730094,1.1265723,0.039578095,-0.84565026,0.566019,0.54376996,-0.3816063,0.52397513,0.09191388,0.21289906
588710_z,Vitis_riparia,6,-0.048052173,-0.7238245,1.0267336,0.692781,1.0024954,1.0407451,-1.7876409,1.3852078,2.9552693,1.3011894,0.740703,-0.25411996,-0.7599283,0.6036195,0.51223105,-0.75371414,1.1825733,-0.22859627,-0.11014868
588275_z,Vitis_riparia,6,0.12009424,1.9802696,1.5324123,0.26577765,-0.7257636,2.259752,-1.3971187,2.0744674,0.583083,0.73290247,0.1178444,-0.41354588,-0.9315498,0.9821873,-0.21950264,-0.7946907,2.3064053,0.6154444,-0.13107435
588510_z,Vitis_riparia,6,-0.024544282,-0.61100847,1.4943187,-0.1805171,-1.0974897,0.12385398,-1.658039,1.8231858,2.361341,0.7079632,0.33954364,-0.28414652,-0.9626094,0.7876149,0.023378551,-0.98253775,1.4377576,-0.37948868,-0.18637493
483166_z,Vitis_riparia,6,-1.0327307,0.19520555,0.13282436,3.0018728,-0.90954095,0.24779573,-1.4724593,1.100569,0.48135057,1.4389402,1.8325859,17.386492,-0.78782016,3.3976114,0.16714698,-0.71942675,1.24468,-0.23211512,0.48573783
588369_z,Vitis_riparia,6,0.85755974,0.36080948,0.86631113,1.1551077,-0.16208394,0.9484956,-1.7248861,2.7300515,0.32099974,1.7680396,1.3484619,-0.1415762,-1.0916444,1.1166084,0.87013996,-0.8780367,2.2625093,0.20965248,-0.27330083
588269_z,Vitis_riparia,6,0.08073569,-0.032314263,-0.49600434,0.7304628,0.31082293,-0.32959247,-1.3966383,0.8719152,0.99015474,0.9162753,0.6078617,-0.1885836,-1.0687946,0.14463878,0.056147076,-0.7869885,0.8770773,0.019162193,-0.14888771
313922_z,Vitis_riparia,6,-0.7323729,-0.7539837,-0.64211935,-0.6231912,-2.2305667,-1.6676271,-0.49536243,-0.07770227,-0.73697853,-0.6031541,-0.9270682,-0.48880106,-1.2496703,-0.88780576,-0.5902859,-0.7811509,0.14017202,0.047672175,-0.38410372
588258_z,Vitis_riparia,6,0.19613908,-0.4908601,0.10288698,0.5280251,-0.4585287,-0.32080555,-0.015288729,1.0063009,-0.1431454,0.9653378,0.23001565,-0.3250495,-0.9911004,0.32134,-0.25346556,-0.7965213,0.7537286,-0.17718138,-0.18537958
483176_z,Vitis_riparia,6,-0.57473916,-0.6120923,1.0693938,0.14998585,0.4646203,0.15418978,-1.0232198,1.0638475,-0.22270653,0.09775605,-0.18264888,-0.35641167,-0.7319425,0.008278526,-0.30806392,-0.88244087,1.0469841,-0.30491644,-0.12761363
483173_z,Vitis_riparia,6,-0.66120046,-0.07580115,1.5974727,0.7312385,-1.4375855,-0.2376939,-0.7568082,0.928163,0.8479657,1.3644964,1.4556454,-0.17306015,-0.93694997,1.165262,-0.30823863,-0.6225912,2.027513,-0.21196674,-0.16228272
588167_z,Vitis_riparia,6,0.4176375,-0.060901828,0.7427247,2.983863,-1.6881329,-0.5895789,-1.2893279,0.88760877,0.3019209,0.48399588,0.39327112,-0.22125214,-1.0836053,0.071536586,1.4895614,-0.8208175,0.41996574,-0.61745316,-0.41749027
483170_z,Vitis_riparia,6,0.13203236,-0.66838795,-0.30866897,-0.34230134,-1.5729547,-0.24087971,-0.66202205,1.3921119,0.3429446,0.038827386,-0.15890531,-0.37792203,-0.771703,-0.061787914,-0.23208147,-0.94283867,0.8597277,0.11792101,-0.18195914
483175_z,Vitis_riparia,6,-0.027520763,-0.3098419,2.79988,0.6227159,-0.18484214,0.5464929,-0.7046144,1.8887769,5.1342607,1.3336551,1.5109059,-0.13671568,-0.47403315,0.7516645,2.7350984,-0.8014658,1.4475709,0.36671963,0.16729741
588565_z,Vitis_riparia,6,0.47434905,-0.2688554,0.70849705,0.25870588,-0.9425719,-0.357788,-1.2480519,0.4667533,0.83014935,0.34293017,-0.18600212,-0.4288673,-1.070857,0.1287887,-0.31646812,-0.80972844,0.42691693,-0.27101555,-0.27165088
483172_z,Vitis_riparia,6,0.18497294,-0.6384424,-0.17614923,0.96366656,-1.8631735,-0.39071152,-1.2602708,1.5251942,0.24721193,0.94614,0.55409044,-0.36735407,-1.0795625,0.38291427,-0.21228328,-0.6954476,1.0675498,0.002582804,-0.24160971
588054_z,Vitis_riparia,6,1.2146243,2.5354652,-0.5379514,1.565613,-1.4638132,-0.53086597,-0.26147085,-0.24411793,0.2571828,1.0494038,0.91228485,-0.21423742,-1.1005652,-0.077184685,0.13725482,-0.6394851,-0.37529403,-0.40580532,-0.20381446
588455_z,Vitis_riparia,6,0.5039507,-0.34370154,0.18988775,1.199492,-1.7345855,0.13993627,3.3086905,0.23191322,-0.13751474,1.1038167,0.8337025,0.08030331,-0.9282786,0.09750205,0.130429,-0.12561941,-0.18170519,-0.35719067,0.11967953
588568_z,Vitis_riparia,6,-0.20184131,-0.5935272,-0.26155484,-0.3154846,-0.58473694,-0.67798007,-0.90510684,0.09179796,0.7389978,-0.10964482,-0.32325217,-0.47420678,-0.96004987,0.060527835,-0.1584134,-0.58881766,-0.001831154,-0.32719705,-0.36540854
588457_z,Vitis_riparia,6,0.10177701,1.626876,0.16705424,0.8531706,-1.2011029,1.1974221,1.7917302,1.713468,0.18290518,2.145999,2.0699186,-0.25452662,-1.1293811,0.8752107,0.50716585,-0.5963482,1.5031561,-0.14746693,-0.14383024
483167_z,Vitis_riparia,6,0.6417186,-0.5674834,0.44685504,-0.066759974,-1.9553145,0.7770722,-0.30585822,0.8078536,0.57807356,1.0547631,0.75007606,-0.2874246,-1.1584997,0.14760715,-0.38662514,-0.579626,0.8776146,0.2116509,-0.20652772
483182_z,Vitis_riparia,6,1.9354913,-0.49348792,0.67116207,0.26261866,-1.8930957,-0.7887876,-0.3911168,0.8612381,0.13655467,0.711818,1.1040393,-0.31459555,-1.1829646,0.4348268,0.03253257,-0.4504203,1.290124,-0.13831492,-0.042709377
483178_z,Vitis_riparia,6,-0.2099038,-0.07803911,-0.3094263,0.44913638,-2.157792,-0.78981996,1.248604,-0.19741751,-0.7533187,0.85976297,1.1100309,-0.35275447,-1.1905695,-0.33313063,-0.023495909,-0.31065425,-0.14476034,-0.42560393,-0.3873976
483165_z,Vitis_riparia,6,0.16117297,-0.4234712,1.4500535,0.4599335,-1.2234876,-0.4607031,-1.9404262,1.0521456,-0.052008774,0.2001088,-0.19087106,-0.42396685,-0.912717,0.19285434,0.14542226,-0.9755802,0.72700536,-0.115855604,23.302177
588483_z,Vitis_riparia,6,0.4578711,-0.6139078,-0.3943815,0.74929786,-1.4609461,-0.022574652,-0.3930402,0.61698574,0.47977883,1.7494698,1.0513048,-0.26675698,-1.0301887,0.36299315,0.3754409,-0.7291908,0.4348763,-0.027778106,-0.32738972
483181_z,Vitis_riparia,6,0.34465384,-0.589814,1.4920328,0.3932306,0.6270501,0.44920188,-1.6983776,1.9854659,-0.18334788,1.4423194,1.9316192,-0.1617441,-0.5847742,0.4806367,0.05927782,-0.8327927,1.5497854,0.5720601,0.1961093
588404_z,Vitis_riparia,6,0.55343336,0.41819632,0.2855763,0.68146104,0.22776529,0.39171323,-0.7407549,1.1402215,0.8368087,0.941906,0.90660787,-0.29989314,-0.95661616,0.35016504,-0.18966988,-0.6650276,1.1437467,-0.057054497,-0.12395452
588400_z,Vitis_riparia,6,0.22645189,0.72512627,-0.27120847,0.14180347,2.1026986,0.37364864,-1.5729284,2.1806765,0.09438343,0.9737988,0.47146955,-0.3723414,-0.81088,-0.26605678,-0.00716599,-0.75599575,2.3685544,0.7490291,-0.16869354
588261_z,Vitis_riparia,6,0.21315317,0.45168433,2.1837902,-0.14962545,-1.2860193,1.838667,0.67427546,1.9749199,1.2854875,4.6139817,1.8691885,-0.14293104,-0.99043083,1.8291736,0.103760004,-0.69015837,1.4935459,0.29617423,-0.06476401
588260_z,Vitis_riparia,6,0.28274813,-0.34063527,0.43580836,0.29341972,1.1138664,1.664537,-0.9796481,1.7297801,0.91095936,0.89024234,0.5707647,-0.33955047,-0.9338903,0.9109383,0.13694389,-0.7904864,1.1278633,0.008252905,-0.29331738
588436_z,Vitis_riparia,6,0.010717617,-0.2966571,2.1089644,-0.008178491,-0.82043135,3.2220047,-0.75564146,1.5379117,-0.20209552,1.1387185,0.975071,-0.33140448,-0.5833581,2.8472812,-0.11207575,-0.5877656,2.0542855,0.9835612,0.16445802
588272_z,Vitis_riparia,6,-0.013553962,-0.4222119,0.7180902,0.47212383,1.5358878,-0.05105721,-1.8110017,1.2047523,3.1128182,1.1219833,0.9656649,-0.27196187,-0.90878206,0.891791,0.094035156,-0.9385753,1.1128353,0.032854013,-0.07384136
588346_z,Vitis_riparia,6,0.034417555,0.050337464,-0.49007225,0.37046307,-0.6553656,1.7332308,-0.8528747,0.01798192,1.0382797,0.94281,0.639883,-0.32576758,-0.82080287,0.1945063,0.5053011,-0.88904065,-0.15569176,0.26917458,-0.35375372
279897_z,Vitis_riparia,6,0.8945419,-0.47570193,0.58156806,-0.5280709,2.2247717,-0.118171714,0.076445505,1.6226265,-0.80824006,0.42976034,0.27561438,-0.4141758,-1.0807775,-0.5856427,-0.21054569,-0.6124865,1.5866157,-0.10248059,-0.3373963
588270_z,Vitis_riparia,6,-0.034467693,0.25952047,0.4144614,0.8567328,-0.367654,-0.44017124,-0.892678,0.08200675,0.96701264,1.3000305,1.0056962,-0.2962182,-0.9613226,0.56798947,0.66429573,-0.8257212,-0.19578984,0.23175925,-0.065198995
588262_z,Vitis_riparia,6,2.1664672,0.9969843,-0.20076752,0.67606515,-0.23758708,1.6104461,-1.4110742,0.91138715,0.7966856,5.266318,3.514087,-0.03901869,-0.90159786,2.5863626,1.6142131,-0.7076564,0.2313519,-0.032523237,-0.1874195
588344_z,Vitis_riparia,6,0.10275004,0.82237846,0.82266796,0.25031936,0.7335929,1.7161362,-0.9502775,1.5932126,3.9309015,1.9750706,2.778443,-0.09901104,-0.8652416,1.1671326,0.16165818,-0.72241396,1.142074,0.1022427,-0.1083711
588304_z,Vitis_riparia,6,0.6797535,-0.1478614,0.47393727,-0.38005817,0.25757363,0.80261785,0.02667752,2.6495175,0.14232695,1.7303853,0.8766412,-0.33239603,-0.9355088,0.077953175,-0.43566674,-0.66702443,3.8218482,0.3380307,-0.19706064
588437_z,Vitis_riparia,6,0.2583099,-0.71320146,0.14310071,-0.52367556,-0.93183804,0.08386294,0.53913903,0.8595116,0.7760343,1.1988256,0.5205241,-0.38961157,-1.1008849,0.2940717,-0.053566515,-0.39398032,0.8199372,0.28829208,-0.1054125
588349_z,Vitis_riparia,6,-0.20225142,0.74454886,-0.255545,-0.021277128,-0.82378066,1.5312887,-1.3068143,3.8508916,0.73505396,0.9163983,0.64977497,-0.2615376,-0.9776225,0.93872106,-0.31632227,-0.9309934,2.5873063,0.29876342,-0.003990444
588350_z,Vitis_riparia,6,1.4499032,-0.49945804,0.4177105,1.7394037,0.06365434,0.85989356,-1.6495717,1.1401136,1.4576393,1.3929901,0.86238396,-0.28385416,-0.5113013,1.0180565,1.305528,-0.8687376,0.9694445,0.5377434,-0.14077926
588354_z,Vitis_riparia,6,0.001009595,-0.6543086,-0.2751938,-0.2156597,-0.38852665,-0.15920705,-0.10533759,2.4601426,-0.50707316,0.38107723,0.055965714,-0.3850548,-0.65673584,-0.29591495,0.36140597,-0.5088469,2.747377,-0.003645393,-0.26645118
588374_z,Vitis_riparia,6,0.14433593,-0.46095937,0.28337365,-0.4394429,-1.1176773,-0.113486946,-1.2070248,1.6258059,3.1126535,0.43162173,0.13311593,-0.38576114,-1.1600156,-0.18474793,-0.23597035,-0.930169,1.6637803,-0.08546142,-0.24912347
588259_z,Vitis_riparia,6,0.5091522,-0.34558547,-0.16092151,0.32339895,-1.0455902,0.9854227,-0.6494611,2.3900566,1.4084449,1.1497669,1.0351747,-0.2250116,-0.41608557,0.20125403,-0.3518114,-0.6264963,1.5843382,0.4717628,-0.14497675
588373_z,Vitis_riparia,6,0.46706435,0.004830843,1.3296092,-0.10399026,3.1180904,1.1058636,-1.4851283,1.3460804,3.3905773,1.8579361,1.7860973,-0.22719657,-1.0078423,1.4941533,-0.16932073,-0.8837313,1.2988422,0.41234183,-0.07044021
588406_z,Vitis_riparia,6,0.26899695,-0.33895022,0.44012016,0.21632755,-0.5615709,0.20432763,-0.26497105,3.6247098,0.3427537,1.1033343,0.31101847,-0.32708046,-0.89487785,0.13919455,0.005791684,-0.8234025,2.4885726,0.06012881,-0.20423289
588146_z,Vitis_rupestris,7,-0.45571962,-0.5900286,1.9600343,-0.062128995,-1.1708863,-0.33556154,-1.579877,1.8747356,-0.2092649,0.4622605,0.2723501,-0.32686853,-0.7974369,0.82108504,0.94028085,-0.72041005,1.4286214,-0.4494481,-0.008773104
271662_z,Vitis_rupestris,7,-0.07507341,0.2962402,0.008906297,0.03965179,-1.6257697,-0.0889216,-1.4140573,-0.101985,-0.377595,1.1081233,0.79953986,-0.29555395,-0.6223538,0.47533864,0.5640537,-0.83670205,-0.2736832,0.37589875,-0.2996586
588188_z,Vitis_rupestris,7,0.18280686,-0.6354336,1.143314,-0.5881572,-1.7078922,-1.2903286,-0.86812407,0.5025708,-0.21273576,-0.25106683,-0.7430767,-0.45677412,-0.8502519,-0.6955889,-0.24853924,-0.5417443,3.0365224,-0.06802129,-0.22942658
588147_z,Vitis_rupestris,7,0.14288068,-0.80812806,-0.27681315,0.37484464,-1.407924,-2.5727499,-0.31610525,-0.8140487,-0.11207154,-0.15893838,-0.016343154,-0.08089711,-0.41305217,0.00525874,-0.03295851,0.69332826,-0.8484908,-0.65028626,0.20547302
588181_z,Vitis_rupestris,7,0.28249055,-0.5160107,2.6026464,-0.13343224,0.30397674,-1.4500974,-1.3854057,0.7676473,1.0928129,0.13549998,-0.27733153,-0.33735698,-0.99554497,-0.022851648,-0.37052274,-0.6479331,0.4704628,0.02153978,0.37755552
588228_z,Vitis_rupestris,7,1.1999435,-0.4493475,0.63547987,0.22098921,0.074099824,0.09749017,-0.8315506,0.7965223,2.4649913,0.4997844,0.23155706,-0.35075185,-0.3628933,0.74528146,-0.1271067,-0.915344,0.6707033,0.05083111,0.8983527
588224_z,Vitis_rupestris,7,-0.34619525,-0.6783003,0.65022266,-0.6395025,-1.750512,0.44961658,-1.3890377,0.8138108,-0.49974203,0.52677023,0.27034405,-0.3546557,-0.38179946,-0.2508157,-0.34763935,-0.89085877,0.8069014,-0.14628455,-0.11208104
588330_z,Vitis_rupestris,7,0.90720993,-0.8967966,0.39062315,-0.5750224,-0.37193492,-0.44505888,-1.1841185,0.8201518,0.24831651,-0.22724243,-0.41378134,-0.37431562,-0.1392871,-0.70029455,-0.43438202,-0.83620864,0.53260213,0.37916577,-0.002462843
588227_z,Vitis_rupestris,7,0.21766265,-0.54932284,0.16203234,-0.24219939,-0.96820086,-0.40008512,-1.6468543,1.0096914,0.3534596,0.6225273,0.5869785,-0.11241176,-0.5868173,-0.24394844,-0.1543893,-0.8897502,0.85294026,-0.26948506,-0.34241092
588683_z,Vitis_rupestris,7,0.38751364,-0.6923359,1.0613257,-0.14836892,-0.05685657,-0.7049094,-0.4321288,0.66872823,0.013046261,0.7668016,0.7955517,-0.2963116,-0.8642632,-0.041496955,-0.7188573,-0.6449982,0.65427303,0.096795306,0.28031552
588684_z,Vitis_rupestris,7,-0.4400497,-0.51978683,2.6624553,0.3464441,1.334074,1.2527573,-1.5476197,3.0154068,0.533527,1.384533,0.9535549,-0.1886264,0.6295504,0.005918423,0.099662334,-0.83893824,2.8784251,0.39876363,0.15130691
588574_z,Vitis_rupestris,7,0.118073456,-0.5583658,1.4246252,-0.3519242,-1.5304921,-0.654547,-1.7949487,1.08298,-0.80241925,0.36477482,0.041860614,-0.2603958,-1.0591488,-0.42207715,-0.31468096,-0.7421101,0.68995464,0.046246756,-0.12778673
588454_z,Vitis_rupestris,7,0.015576068,0.017813602,2.044843,0.12250361,-1.8119092,0.18747428,-0.4771871,0.92994195,0.13389437,1.2601788,0.47677967,-0.12431135,-1.027367,0.11053708,0.10247855,-0.4148232,0.80940264,0.7543108,-0.18440047
588384_z,Vitis_rupestris,7,0.73131007,-0.45591798,-0.013430956,-0.4527334,-0.9825687,-0.6701516,-0.65687484,0.1323735,-0.5095325,0.5313497,0.30374885,-0.2641284,-0.74604475,0.19741021,-0.33366895,-0.40297017,-0.021348825,-0.4601388,0.18260303
588540_z,Vitis_rupestris,7,0.07707204,-0.68466395,0.19744004,-0.545968,-1.4945015,-0.79480195,-0.06466016,1.8650411,0.095935084,0.3101277,0.10515418,-0.11216129,-0.7474062,-0.33488968,-0.3127548,-0.95034903,1.5882307,-0.6961628,0.61065835
588333_z,Vitis_rupestris,7,0.105784275,-0.675011,2.0347462,0.050442353,-1.3981056,-1.0922304,-1.4318634,0.4981891,-0.42513055,0.22842737,-0.6255206,-0.19488521,-0.9087405,0.1748163,-0.81253844,-0.8959869,0.19788077,-0.29541555,0.23174202
588160_z,Vitis_rupestris,7,-0.25043026,-0.8615997,-0.004722071,0.03376339,-1.2868714,-1.0220782,-1.0291252,0.05900638,-0.2073112,0.36645424,-0.07732813,-0.23740685,-1.0811243,-0.087947786,-0.23076802,-0.80674064,-0.07977396,-0.21636143,-0.046391748
588174_z,Vitis_rupestris,7,-0.19252636,-0.73614925,1.708371,0.088682145,-1.1358387,0.22994128,-1.7812685,1.266432,-0.2657464,0.2883643,0.030184701,-0.23046157,-0.7059817,-0.64473677,0.21319787,-0.79190844,1.0951904,0.2611744,-0.24650118
588331_z,Vitis_rupestris,7,-0.2711469,-0.37900168,2.1313303,0.49349716,-0.15755588,-0.27115238,-1.9641522,1.1807314,-0.46203196,-0.12174167,-0.18435457,-0.4370336,-0.79038405,-0.7622041,-0.22756314,-0.89199406,0.80069685,-0.18924999,-0.33860427
588401_z,Vitis_rupestris,7,1.6506953,0.71775824,0.4869787,-0.0804049,-1.7678921,-0.8384307,-1.823469,0.99317724,-0.5258399,-0.060334306,-0.24953872,-0.36192554,-0.22588244,-0.5890981,-0.5720102,-0.82945484,1.6064019,-0.28623542,-0.28797787
588231_z,Vitis_rupestris,7,0.83504826,-0.46259305,0.115626745,-0.37859008,-0.80707586,-0.6967126,-0.99074876,-0.33960262,-0.6734152,0.38850394,0.39354464,-0.31100526,-0.24077348,0.017855704,0.57487047,-0.85883427,-0.4587908,-0.2689373,-0.23017855
588229_z,Vitis_rupestris,7,0.42601892,-0.34779307,1.4468191,0.22338973,-0.4067871,-0.69374305,-0.9166617,0.49631122,0.07362642,0.30617067,-0.09302512,-0.44149804,-0.78149337,-0.013999073,0.047727596,-0.87441146,0.45036745,0.70185816,-0.16216667
588225_z,Vitis_rupestris,7,-0.7442665,-0.44473383,1.6670963,-0.12532507,1.7447685,2.1330454,-1.8097111,1.5256467,1.2905667,0.77237797,0.33960706,-0.21104947,0.16719449,0.60974723,-0.16936412,-0.74673694,1.1156415,0.22209704,-0.13416314
588415_z,Vitis_rupestris,7,-0.45666456,0.21565458,0.7958031,-0.23790936,-1.064841,0.735806,-1.5042722,0.18740036,0.15281062,0.45108795,0.120057434,-0.37299886,-1.0159836,-0.61402565,-0.5982761,-0.6494268,0.2073743,-0.20062992,-0.20991518
588223_z,Vitis_rupestris,7,-0.73644394,-0.06662133,0.7804164,0.2646626,-0.9588218,-0.80016524,-1.2787819,-0.1314344,0.14559743,0.8110773,0.95744157,-0.040185023,0.43232176,1.401442,-0.7116612,-0.41068065,-0.44677818,-0.7317934,-0.16263403
588142_z,Vitis_vulpina,8,0.08465708,-0.5784995,1.0060225,0.34471118,0.49448276,1.3351933,-0.40653536,1.9445627,0.4280951,0.6371626,0.26590443,-0.3490236,-0.93329,3.1652884,0.12746212,-0.5715253,1.7413322,2.540703,0.38148525
588680_z,Vitis_vulpina,8,-0.50712997,-0.44028884,1.8557267,0.7971596,-1.240924,2.1239548,-1.1189903,0.9772491,2.5944014,1.8609539,2.0017283,-0.08057736,0.1914325,0.85341144,0.58949715,-0.6711586,0.70699024,-0.63417864,0.23822021
588679_z,Vitis_vulpina,8,0.19946425,-0.5797183,0.23354919,0.028606707,0.032514803,0.7329325,-0.6147838,0.7284341,0.33319888,1.4075592,1.4417882,-0.17942406,1.0661464,0.9224435,0.60153884,-0.5947075,0.4168148,-0.6596259,-0.17069703
588133_z,Vitis_vulpina,8,-0.23815355,-0.52279896,0.8637687,-0.07798177,-0.06851107,-0.009940536,-1.7031229,1.4851403,0.09288214,0.8026824,0.4376293,-0.24369842,-0.34478286,0.3908845,-0.19466273,-0.83935744,1.3040991,0.7704889,0.5283409
483180_z,Vitis_vulpina,8,-0.3893914,-0.7359771,-0.39457232,0.25389776,-0.5736442,-1.1787844,-1.250086,-0.100547396,-0.5017216,-0.54060376,-0.3106743,-0.20162848,-0.8473296,-1.0095123,-0.22491638,-0.9082328,-0.06002741,-0.73562306,0.4160026
597115_z,Vitis_vulpina,8,-0.5540436,-0.9440444,0.19863482,-0.67088395,0.34276265,0.17035547,-1.1607267,1.5999982,-0.025659963,0.6420487,-0.032814246,-0.36867625,-0.5719885,-0.45407766,-0.37885067,-0.8739462,1.4625844,0.36397368,0.0989115
483190_z,Vitis_vulpina,8,-0.83114076,-0.87330496,-0.09984222,-0.35295743,-1.8089962,0.05820606,-1.0966729,0.8600778,-0.34617803,0.6291555,-0.13718456,-0.4071753,-1.0904958,-0.17449649,-0.106084205,-0.9793706,1.2108693,-0.8015602,0.006207665
483187_z,Vitis_vulpina,8,0.9090003,-0.051248327,1.1264241,1.3030611,-2.0996125,0.008706965,-0.4255382,0.5807331,1.4723513,1.6884441,1.6984545,-0.03363099,-0.78847843,1.3007122,2.3185759,-0.84451276,0.54567724,-0.74435055,0.4941082
483184_z,Vitis_vulpina,8,-0.74355346,-0.61560273,-0.21947922,0.47020084,-1.5166427,-0.34326106,-1.3130302,0.7005262,0.29739818,0.33687687,0.48252383,-0.27690917,-0.5781642,-0.22389506,-0.065620534,-0.86694115,0.4268468,0.6674785,0.021833189
483188_z,Vitis_vulpina,8,0.49518877,-0.7661976,0.76527995,-0.25400203,-1.7418367,-1.3999882,-0.65624076,0.3262986,0.20848937,-0.06757281,-0.12985685,-0.32219976,-0.5224315,-0.43928957,-0.17056179,-0.82113284,0.114744514,0.6467771,-0.22260559
483186_z,Vitis_vulpina,8,-0.8217914,-0.6255165,0.19433054,0.4795895,0.062213622,-0.8460448,-1.2457285,0.22000824,1.4117434,-0.2611014,-0.27646866,-0.3539748,0.013563122,-0.48675138,-0.111142404,-0.79672587,0.1004928,-0.7139031,0.21915042
588123_z,Vitis_sp_candicans_or_hyb_candicans,0,-0.2708289,-0.62464166,1.2153622,-0.35407206,3.0012019,0.41122454,-1.0279398,1.4422135,-0.7590804,0.44883284,0.37850413,-0.2499813,-0.25564197,0.23968245,-0.34093344,-0.6610075,1.5340095,0.6330362,-0.28302044
588282_z,Vitis_sp_riparia_vulpina,0,0.12240612,0.07405112,1.0880387,1.5585341,-0.6231729,2.177057,-0.7287596,4.284907,1.5522684,3.2983072,2.7375164,-0.039189517,-0.62813365,3.1458938,0.8070863,-0.41954115,3.557117,-0.09386671,0.25109124
588508_z,Vitis_sp_unknown_NY,0,0.80251956,-0.051620055,0.6287004,0.1400853,-0.27745956,-0.018900856,-1.1485034,2.016349,0.28319925,1.6178439,0.9926449,-0.27584073,-1.0345039,0.36944827,-0.28454748,-0.5948955,1.8210092,-0.35195938,0.08774273
588549_z,Vitis_sp_unknown_NY,0,0.18737489,-0.39739227,0.25533032,2.9361663,-0.94813067,0.6643528,0.16683587,0.44123396,-0.15404902,1.1469307,1.0103691,-0.23918769,0.19612591,0.35676405,0.5823923,-0.5515416,0.07592954,-0.709738,-0.14281479
588501_z,Vitis_sp_unknown_PA,0,-0.5943048,-0.2918244,3.4608214,1.4397793,0.7883513,1.234794,-1.3984265,1.4543825,0.50648576,2.8856158,3.5187752,0.19543329,-0.35984161,1.0796156,1.3926377,-0.85531086,1.1136233,-0.8214811,0.74498194
588628_z,Vitis_sp_unknown,0,-0.5985178,-0.17087,1.0511315,0.13888636,-1.209351,-0.4452348,-1.4133368,0.5910415,1.0447772,0.45372304,0.6566347,-0.22362114,-0.5952422,0.39998704,0.7371488,-0.8115239,0.46558866,0.11270015,-0.14294301
588529_z,Vitis_sp_unknown_NY,0,-0.19507302,-0.6880984,1.1307989,-0.17570823,-1.5669634,-0.51316726,-0.59924084,1.2512902,0.46653363,-0.07525922,0.119119376,0.16556585,-0.36522326,1.3228263,0.28910604,-0.870719,1.8419964,-0.83304095,0.1361552
588476_z,Vitis_sp_unknown_NY,0,-0.7475713,-0.5092489,0.5834942,-0.17883042,4.1714005,2.691994,0.22634472,1.5231371,-0.42520425,0.5472272,0.13179605,-0.329904,0.38537925,-0.27502447,-0.33338034,-0.73444575,1.4359012,0.2097571,-0.11882583
588392_z,Vitis_x_andersonii_v. coignetiae x v. riparia (vulpina),0,-0.5206898,-0.10038977,0.78351027,0.79026735,1.2821168,-0.1912588,-1.5570737,0.7023538,0.9584052,0.4252986,1.2792149,-0.3032317,-0.93625474,0.07720045,0.64413935,-0.7864067,0.53547806,-0.21498242,0.05883778
588391_z,Vitis_x_champinii_v. mustangensis x v. rupestris,0,-0.41789818,-0.71154267,1.4067627,-0.3919918,-1.1305535,-0.7914357,-0.8136733,1.5584064,-0.21642268,0.039247047,0.030600814,-0.31555134,-0.829505,-0.25030968,-0.58334386,-0.83912104,1.392341,0.49410543,-0.13670969
588371_z,Vitis_x_champinii_v. mustangensis x v. rupestris,0,-0.17146707,-0.14808358,1.2311097,0.7396248,-0.8321321,1.6361645,-1.2625148,2.2576144,1.6723154,2.8530717,2.0012355,0.10538816,-0.22510532,0.6831653,1.7303671,-0.9610896,1.694622,-0.7790373,0.71379375
588149_z,Vitis_x_doaniana_v. mustangensis x v. acerifolia,0,-0.2398236,-0.015609188,0.42722747,1.5891337,-0.38526174,-1.6450753,-1.5906929,1.2751795,0.84778804,0.17645723,0.25352746,-0.26867014,-0.65204436,0.04990725,0.65655845,-0.44705227,5.6483026,1.1016743,-0.18216674
588257_z,Vitis_x_novae-angliae_v. labrusca x v. riparia,0,-0.73435885,-0.4032897,-0.05785534,0.084537655,-0.93815684,0.4302367,-1.3018119,0.3462567,0.05724171,0.7014273,0.4582232,-0.25744146,-0.46179682,0.43648633,0.19147824,-0.9166492,0.25245783,-0.8035965,-0.026577497
